sku,size,price,country,uniq_id,currency,site_name,brand_name,category_1,category_2,product_id,breadcrumbs,description,product_url,last_updated,product_name,raw_description
,,43,us,0643d0cce7660339,usd,aesop_com,Aesop,Oil Burner Blends,,,"[{""name"": ""Oil Burner Blends"", ""link"": ""https://www.aesop.com/us/c/home/oil-burner-blends/""}, {""name"": """", ""link"": null}, {""name"": """", ""link"": null}]","A stimulating, Spearmint-infused blend balanced with warm Rosemary; the perfect accompaniment to philosophical musings.",https://www.aesop.com/us/p/home/oil-burner-blends/isabelle-oil-burner-blend/,5/26/25,Isabelle Oil Burner Blend,"<div class=""ProductDetailTitle_description__ASETM""><p class=""Paragraph_base__IUndo Paragraph_dark__69lap Paragraph_flush__Nj5hO ProductDetailTitle_descriptionCopy__9PG__ Transition_fadeEnter__FmNEN Transition_fadeEnterActive__pj4vH"">A stimulating, Spearmint-infused blend balanced with warm Rosemary; the perfect accompaniment to philosophical musings.</p></div>"
,,61,us,073afc69614fdb52,usd,aesop_com,Aesop,Room Sprays,,,"[{""name"": ""Room Sprays"", ""link"": ""https://www.aesop.com/us/c/home/room-sprays/""}, {""name"": """", ""link"": null}, {""name"": """", ""link"": null}]","A veil of Geranium and Incense, lent symmetry by woody Patchouli and the warmth of Myrrh.",https://www.aesop.com/us/p/home/room-sprays/cythera-aromatique-room-spray/,5/26/25,Cythera Aromatique Room Spray,"<div class=""ProductDetailTitle_description__ASETM""><p class=""Paragraph_base__IUndo Paragraph_dark__69lap Paragraph_flush__Nj5hO ProductDetailTitle_descriptionCopy__9PG__ Transition_fadeEnter__FmNEN Transition_fadeEnterActive__pj4vH"">A veil of Geranium and Incense, lent symmetry by woody Patchouli and the warmth of Myrrh.</p></div>"
,,39,us,0846746c74b67d74,usd,aesop_com,Aesop,Skin,Cleansers & Exfoliants,,"[{""name"": ""Skin"", ""link"": ""https://www.aesop.com/us/c/skin/""}, {""name"": ""Cleansers & Exfoliants"", ""link"": ""https://www.aesop.com/us/c/skin/cleansers-and-exfoliants/""}, {""name"": """", ""link"": null}]",A mild preparation enhanced with White Clay and fatty-acid rich botanicals to gently cleanse and effortlessly remove surface impurities.,https://www.aesop.com/us/p/skin/cleansers-and-exfoliants/purifying-facial-cream-cleanser/,5/26/25,Purifying Facial Cream Cleanser,"<div class=""ProductDetailTitle_description__ASETM""><p class=""Paragraph_base__IUndo Paragraph_dark__69lap Paragraph_flush__Nj5hO ProductDetailTitle_descriptionCopy__9PG__ Transition_fadeEnter__FmNEN Transition_fadeEnterActive__pj4vH"">A mild preparation enhanced with White Clay and fatty-acid rich botanicals to gently cleanse and effortlessly remove surface impurities.
</p></div>"
,,22,us,096a02a90e45a28e,usd,aesop_com,Aesop,Literature,,,"[{""name"": ""Literature"", ""link"": ""https://www.aesop.com/us/c/home/literature/""}, {""name"": """", ""link"": null}, {""name"": """", ""link"": null}]",A tale of stoicism set among the unforgiving plains of the Arctic; verses of solace in the wake of unsettling news; a celebration of the rich life and work of Louise Glück; and more.,https://www.aesop.com/us/p/home/literature/the-paris-review-no-246-winter-2023/,5/26/25,"The Paris Review no. 246, Winter 2023","<div class=""ProductDetailTitle_description__ASETM""><p class=""Paragraph_base__IUndo Paragraph_dark__69lap Paragraph_flush__Nj5hO ProductDetailTitle_descriptionCopy__9PG__ Transition_fadeEnter__FmNEN Transition_fadeEnterActive__pj4vH"">A tale of stoicism set among the unforgiving plains of the Arctic; verses of solace in the wake of unsettling news; a celebration of the rich life and work of Louise Glück; and more.</p></div>"
,,43,us,0af13054d323c7d6,usd,aesop_com,Aesop,Oil Burner Blends,,,"[{""name"": ""Oil Burner Blends"", ""link"": ""https://www.aesop.com/us/c/home/oil-burner-blends/""}, {""name"": """", ""link"": null}, {""name"": """", ""link"": null}]","A warm, enlivening blend of earthy and citrus notes to ground spirits and stimulate the senses.",https://www.aesop.com/us/p/home/oil-burner-blends/b-atrice-oil-burner-blend/,5/26/25,Béatrice Oil Burner Blend,"<div class=""ProductDetailTitle_description__ASETM""><p class=""Paragraph_base__IUndo Paragraph_dark__69lap Paragraph_flush__Nj5hO ProductDetailTitle_descriptionCopy__9PG__ Transition_fadeEnter__FmNEN Transition_fadeEnterActive__pj4vH"">A warm, enlivening blend of earthy and citrus notes to ground spirits and stimulate the senses.</p></div>"
,,93,us,0b2886b746eabcfd,usd,aesop_com,Aesop,Body & Hand,Body Cleansers & Scrubs,,"[{""name"": ""Body & Hand"", ""link"": ""https://www.aesop.com/us/c/body-hand/""}, {""name"": ""Body Cleansers & Scrubs"", ""link"": ""https://www.aesop.com/us/c/body-hand/body-cleansers-and-scrubs/""}, {""name"": """", ""link"": null}]","A body cleanser with refreshing, green, citrus notes to effect scrupulously clean skin, and a gentle pet wash to offer furry friends similar attention.",https://www.aesop.com/us/p/body-hand/body-cleansers-and-scrubs/you-your-dog-duo/,5/26/25,You & Your Dog Duo,"<div class=""ProductDetailTitle_description__ASETM""><p class=""Paragraph_base__IUndo Paragraph_dark__69lap Paragraph_flush__Nj5hO ProductDetailTitle_descriptionCopy__9PG__ Transition_fadeEnter__FmNEN Transition_fadeEnterActive__pj4vH"">A body cleanser with refreshing, green, citrus notes to effect scrupulously clean skin, and a gentle pet wash to offer furry friends similar attention.</p></div>"
,,200,us,0e1032b36310e0d5,usd,aesop_com,Aesop,Fragrance,Fresh,,"[{""name"": ""Fragrance"", ""link"": ""https://www.aesop.com/us/c/fragrance/""}, {""name"": ""Fresh"", ""link"": ""https://www.aesop.com/us/c/fragrance/fresh/""}, {""name"": """", ""link"": null}]","A moody yet fresh fragrance reminiscent of cliffside vegetation and the seashore, with mineral top notes and stormy, metallic base accords.",https://www.aesop.com/us/p/fragrance/fresh/karst-eau-de-parfum/,5/26/25,Karst Eau de Parfum,"<div class=""ProductDetailTitle_description__ASETM""><p class=""Paragraph_base__IUndo Paragraph_dark__69lap Paragraph_flush__Nj5hO ProductDetailTitle_descriptionCopy__9PG__ Transition_fadeEnter__FmNEN Transition_fadeEnterActive__pj4vH"">A moody yet fresh fragrance reminiscent of cliffside vegetation and the seashore, with mineral top notes and stormy, metallic base accords.</p></div>"
,,50,us,0f0fb2608e15a3d2,usd,aesop_com,Aesop,Hair,Shampoo & Conditioner,,"[{""name"": ""Hair"", ""link"": ""https://www.aesop.com/us/c/hair/""}, {""name"": ""Shampoo & Conditioner"", ""link"": ""https://www.aesop.com/us/c/hair/shampoo-and-conditioner/""}, {""name"": """", ""link"": null}]","Botanical oils with impressive hydrating and hair-softening properties blend with Hydrolysed Vegetable Protein to lightly nourish, hydrate, disentangle and smooth hair.",https://www.aesop.com/us/p/hair/condition/classic-conditioner/,5/26/25,Classic Conditioner,"<div class=""ProductDetailTitle_description__ASETM""><p class=""Paragraph_base__IUndo Paragraph_dark__69lap Paragraph_flush__Nj5hO ProductDetailTitle_descriptionCopy__9PG__ Transition_fadeEnterDone__UeeL0"">Botanical oils with impressive hydrating and hair-softening properties blend with Hydrolysed Vegetable Protein to lightly nourish, hydrate, disentangle and smooth hair.</p></div>"
AFR21,1.6 fl oz,177,us,11bacff1198481db,usd,aesop_com,Aesop,Fragrance,Woody,,"[{""name"": ""Fragrance"", ""link"": ""https://www.aesop.com/us/c/fragrance/""}, {""name"": ""Woody"", ""link"": ""https://www.aesop.com/us/c/fragrance/woody/""}, {""name"": """", ""link"": null}]","A raw, unorthodox fragrance distinguished by woody, spicy notes and fresh florals—a deep, rich and alluring homage to the city of the same name.",https://www.aesop.com/us/p/fragrance/woody/marrakech-intense-eau-de-parfum/,5/26/25,Marrakech Intense Eau de Parfum,"<div class=""ProductDetailTitle_description__ASETM""><p class=""Paragraph_base__IUndo Paragraph_dark__69lap Paragraph_flush__Nj5hO ProductDetailTitle_descriptionCopy__9PG__ Transition_fadeEnter__FmNEN Transition_fadeEnterActive__pj4vH"">A raw, unorthodox fragrance distinguished by woody, spicy notes and fresh florals—a deep, rich and alluring homage to the city of the same name.</p></div>"
,,252,us,160d705e522fde7c,usd,aesop_com,Aesop,Fragrance,Floral,,"[{""name"": ""Fragrance"", ""link"": ""https://www.aesop.com/us/c/fragrance/""}, {""name"": ""Floral"", ""link"": ""https://www.aesop.com/us/c/fragrance/floral/""}, {""name"": """", ""link"": null}]","A tender trio to offer pleasure throughout the day comprising a fragrance and body cleanser infused with spirited florals, and a citrus-based hand balm.",https://www.aesop.com/us/p/fragrance/floral/r-zu-ensemble/,5/26/25,Rōzu Ensemble,"<div class=""ProductDetailTitle_description__ASETM""><p class=""Paragraph_base__IUndo Paragraph_dark__69lap Paragraph_flush__Nj5hO ProductDetailTitle_descriptionCopy__9PG__ Transition_fadeEnter__FmNEN Transition_fadeEnterActive__pj4vH"">A tender trio to offer pleasure throughout the day comprising a fragrance and body cleanser infused with spirited florals, and a citrus-based hand balm.</p></div>"
ASK60,2.0 fl oz,135,us,170297f3eb80af21,usd,aesop_com,Aesop,Skin,Hydrators & Moisturisers,,"[{""name"": ""Skin"", ""link"": ""https://www.aesop.com/us/c/skin/""}, {""name"": ""Hydrators & Moisturisers"", ""link"": ""https://www.aesop.com/us/c/skin/hydrators-and-moisturisers/""}, {""name"": """", ""link"": null}]","A lightweight layering serum rich in Vitamin C that replenishes, hydrates and balances with its complex blend of moisturising, conditioning and skin-supportive ingredients.",https://www.aesop.com/us/p/skin/hydrators-and-moisturisers/lucent-facial-concentrate/,5/26/25,Lucent Facial Concentrate,"<div class=""ProductDetailTitle_description__ASETM""><p class=""Paragraph_base__IUndo Paragraph_dark__69lap Paragraph_flush__Nj5hO ProductDetailTitle_descriptionCopy__9PG__ Transition_fadeEnter__FmNEN Transition_fadeEnterActive__pj4vH"">A lightweight layering serum rich in Vitamin C that replenishes, hydrates and balances with its complex blend of moisturising, conditioning and skin-supportive ingredients.</p></div>"
,,119,us,205d06514fe99d45,usd,aesop_com,Aesop,Skin,Cleansers & Exfoliants,,"[{""name"": ""Skin"", ""link"": ""https://www.aesop.com/us/c/skin/""}, {""name"": ""Cleansers & Exfoliants"", ""link"": ""https://www.aesop.com/us/c/skin/cleansers-and-exfoliants/""}, {""name"": """", ""link"": null}]","Two formulations to cleanse, buff and hydrate skin to effect a smooth, softened and dewy surface. Suited to most skin types, especially dry.",https://www.aesop.com/us/p/skin/cleansers-and-exfoliants/exfoliating-and-replenishing-duo/,5/26/25,Exfoliating and Replenishing Duo,"<div class=""ProductDetailTitle_description__ASETM""><p class=""Paragraph_base__IUndo Paragraph_dark__69lap Paragraph_flush__Nj5hO ProductDetailTitle_descriptionCopy__9PG__ Transition_fadeEnter__FmNEN Transition_fadeEnterActive__pj4vH"">Two formulations to cleanse, buff and hydrate skin to effect a smooth, softened and dewy surface. Suited to most skin types, especially dry.</p></div>"
,,57,us,20fd2b42db01739f,usd,aesop_com,Aesop,Skin,Shaving,,"[{""name"": ""Skin"", ""link"": ""https://www.aesop.com/us/c/skin/""}, {""name"": ""Shaving"", ""link"": ""https://www.aesop.com/us/c/skin/shaving/""}, {""name"": """", ""link"": null}]",A unisex hydrator boosted with botanical oils that lightly hydrate and balance skin while pacifying post-shave irritation and aggravation.,https://www.aesop.com/us/p/skin/shaving/moroccan-neroli-post-shave-lotion/,5/26/25,Moroccan Neroli Post-Shave Lotion,"<div class=""ProductDetailTitle_description__ASETM""><p class=""Paragraph_base__IUndo Paragraph_dark__69lap Paragraph_flush__Nj5hO ProductDetailTitle_descriptionCopy__9PG__ Transition_fadeEnter__FmNEN Transition_fadeEnterActive__pj4vH"">A unisex hydrator boosted with botanical oils that lightly hydrate and balance skin while pacifying post-shave irritation and aggravation.</p></div>"
,,133,us,22046ce2dc87d594,usd,aesop_com,Aesop,Kits & Travel,Hand & Body Care Kits,,"[{""name"": ""Kits & Travel"", ""link"": ""https://www.aesop.com/us/c/kits-travel/""}, {""name"": ""Hand & Body Care Kits"", ""link"": ""https://www.aesop.com/us/c/kits-travel/hand-body/""}, {""name"": """", ""link"": null}]",Those who favour the unorthodox will relish the distinctive fragrance and superb skin-softening properties of this pairing.,https://www.aesop.com/us/p/kits-travel/hand-body/reverence-duet/,5/26/25,Reverence Duet,"<div class=""ProductDetailTitle_description__ASETM""><p class=""Paragraph_base__IUndo Paragraph_dark__69lap Paragraph_flush__Nj5hO ProductDetailTitle_descriptionCopy__9PG__ Transition_fadeEnter__FmNEN Transition_fadeEnterActive__pj4vH"">Those who favour the unorthodox will relish the distinctive fragrance and superb skin-softening properties of this pairing.</p></div>"
,,70,us,2528184fafc6ef0e,usd,aesop_com,Aesop,Body & Hand,Body Cleansers & Scrubs,,"[{""name"": ""Body & Hand"", ""link"": ""https://www.aesop.com/us/c/body-hand/""}, {""name"": ""Body Cleansers & Scrubs"", ""link"": ""https://www.aesop.com/us/c/body-hand/body-cleansers-and-scrubs/""}, {""name"": """", ""link"": null}]","A gentle cream body cleanser and an intensely hydrating hand balm with a shared woody, spicy, herbaceous aroma—ideal for dry or dehydrated skin.",https://www.aesop.com/us/p/body-hand/body-cleansers-and-scrubs/eleos-body-cleanser-hand-balm-duo/,5/26/25,Eleos Body Cleanser & Hand Balm Duo,"<div class=""ProductDetailTitle_description__ASETM""><p class=""Paragraph_base__IUndo Paragraph_dark__69lap Paragraph_flush__Nj5hO ProductDetailTitle_descriptionCopy__9PG__ Transition_fadeEnter__FmNEN Transition_fadeEnterActive__pj4vH"">A gentle cream body cleanser and an intensely hydrating hand balm with a shared woody, spicy, herbaceous aroma—ideal for dry or dehydrated skin. </p></div>"
,,43,us,267a0a56795b1b0b,usd,aesop_com,Aesop,Bathroom Deodorisers & Pets,,,"[{""name"": ""Bathroom Deodorisers & Pets"", ""link"": ""https://www.aesop.com/us/c/home/bathroom-deodorisers-and-pets/""}, {""name"": """", ""link"": null}, {""name"": """", ""link"": null}]",A mild skin and fur wash for loyal companions; provides a gentle yet thorough cleanse with deodorising properties.,https://www.aesop.com/us/p/home/bathroom-deodorisers-and-pets/animal/,5/26/25,Animal,"<div class=""ProductDetailTitle_description__ASETM""><p class=""Paragraph_base__IUndo Paragraph_dark__69lap Paragraph_flush__Nj5hO ProductDetailTitle_descriptionCopy__9PG__ Transition_fadeEnter__FmNEN Transition_fadeEnterActive__pj4vH"">A mild skin and fur wash for loyal companions; provides a gentle yet thorough cleanse with deodorising properties. </p></div>"
,,169,us,2788f56f3177271c,usd,aesop_com,Aesop,Kits & Travel,Skin Care Kits,,"[{""name"": ""Kits & Travel"", ""link"": ""https://www.aesop.com/us/c/kits-travel/""}, {""name"": ""Skin Care Kits"", ""link"": ""https://www.aesop.com/us/c/kits-travel/face/""}, {""name"": """", ""link"": null}]","Introductory formulations from our Parsley Seed Skin Care range, comprising a cleanser, toner and hydrating serum.",https://www.aesop.com/us/p/skin/skin-kits/parsley-seed-anti-oxidant-skin-care-kit-/,5/26/25,Parsley Seed Anti-Oxidant Skin Care Kit,"<div class=""ProductDetailTitle_description__ASETM""><p class=""Paragraph_base__IUndo Paragraph_dark__69lap Paragraph_flush__Nj5hO ProductDetailTitle_descriptionCopy__9PG__ Transition_fadeEnter__FmNEN Transition_fadeEnterActive__pj4vH"">Introductory formulations from our Parsley Seed Skin Care range, comprising a cleanser, toner and hydrating serum. </p></div>"
AFR15N,1.6 fl oz,177,us,282c40c091646338,usd,aesop_com,Aesop,Fragrance,Woody,,"[{""name"": ""Fragrance"", ""link"": ""https://www.aesop.com/us/c/fragrance/""}, {""name"": ""Woody"", ""link"": ""https://www.aesop.com/us/c/fragrance/woody/""}, {""name"": """", ""link"": null}]","An intriguing fragrance with a hint of eccentricity. Reminiscent of a Hinoki forest, smoky notes descend into subtle spice and dark green, earthy accords.",https://www.aesop.com/us/p/fragrance/woody/hwyl-eau-de-parfum/,5/26/25,Hwyl Eau de Parfum,"<div class=""ProductDetailTitle_description__ASETM""><p class=""Paragraph_base__IUndo Paragraph_dark__69lap Paragraph_flush__Nj5hO ProductDetailTitle_descriptionCopy__9PG__ Transition_fadeEnter__FmNEN Transition_fadeEnterActive__pj4vH"">An intriguing fragrance with a hint of eccentricity. Reminiscent of a Hinoki forest, smoky notes descend into subtle spice and dark green, earthy accords.</p></div>"
,,55,us,2bff6b4f0a994d46,usd,aesop_com,Aesop,Skin,Hydrators & Moisturisers,,"[{""name"": ""Skin"", ""link"": ""https://www.aesop.com/us/c/skin/""}, {""name"": ""Hydrators & Moisturisers"", ""link"": ""https://www.aesop.com/us/c/skin/hydrators-and-moisturisers/""}, {""name"": """", ""link"": null}]",A nourishing blend of nut and plant extracts that delivers rich hydration and provides immediate relief from dryness.,https://www.aesop.com/us/p/skin/hydrators-and-moisturisers/camellia-nut-facial-hydrating-cream/,5/26/25,Camellia Nut Facial Hydrating Cream,"<div class=""ProductDetailTitle_description__ASETM""><p class=""Paragraph_base__IUndo Paragraph_dark__69lap Paragraph_flush__Nj5hO ProductDetailTitle_descriptionCopy__9PG__ Transition_fadeEnter__FmNEN Transition_fadeEnterActive__pj4vH"">A nourishing blend of nut and plant extracts that delivers rich hydration and provides immediate relief from dryness.</p></div>"
,,47,us,33334cc5fa3b7bde,usd,aesop_com,Aesop,Body & Hand,Body Balms & Oils,,"[{""name"": ""Body & Hand"", ""link"": ""https://www.aesop.com/us/c/body-hand/""}, {""name"": ""Body Balms & Oils"", ""link"": ""https://www.aesop.com/us/c/body-hand/body-balms-and-oils/""}, {""name"": """", ""link"": null}]",A botanically based hydrating oil enhanced with Vitamin E and a nourishing blend of nut oils to soften and smooth dry skin.,https://www.aesop.com/us/p/body-hand/body-balms-and-oils/breathless/,5/26/25,Breathless,"<div class=""ProductDetailTitle_description__ASETM""><p class=""Paragraph_base__IUndo Paragraph_dark__69lap Paragraph_flush__Nj5hO ProductDetailTitle_descriptionCopy__9PG__ Transition_fadeEnter__FmNEN Transition_fadeEnterActive__pj4vH"">A botanically based hydrating oil enhanced with Vitamin E and a nourishing blend of nut oils to soften and smooth dry skin.</p></div>"
,,55,us,34e63e753368f822,usd,aesop_com,Aesop,Skin,Hydrators & Moisturisers,,"[{""name"": ""Skin"", ""link"": ""https://www.aesop.com/us/c/skin/""}, {""name"": ""Hydrators & Moisturisers"", ""link"": ""https://www.aesop.com/us/c/skin/hydrators-and-moisturisers/""}, {""name"": """", ""link"": null}]","A lightly hydrating moisturiser that cools, tones, and balances the skin. Contains a blend of purifying citrus-derived botanical oils. Enjoy complimentary samples online.",https://www.aesop.com/us/p/skin/hydrators-and-moisturisers/mandarin-facial-hydrating-cream/,5/26/25,Mandarin Facial Hydrating Cream,"<div class=""ProductDetailTitle_description__ASETM""><p class=""Paragraph_base__IUndo Paragraph_dark__69lap Paragraph_flush__Nj5hO ProductDetailTitle_descriptionCopy__9PG__ Transition_fadeEnterDone__UeeL0"">A lightly hydrating moisturiser that cools, tones, and balances the skin. Contains a blend of purifying citrus-derived botanical oils. Enjoy complimentary samples online.</p></div>"
,,61,us,383baf6aa9631cd8,usd,aesop_com,Aesop,Room Sprays,,,"[{""name"": ""Room Sprays"", ""link"": ""https://www.aesop.com/us/c/home/room-sprays/""}, {""name"": """", ""link"": null}, {""name"": """", ""link"": null}]","A blend of citrus botanicals, balanced by breaking waves of Cedar and the refreshing spice of Cardamom.",https://www.aesop.com/us/p/home/room-sprays/olous-aromatique-room-spray/,5/26/25,Olous Aromatique Room Spray,"<div class=""ProductDetailTitle_description__ASETM""><p class=""Paragraph_base__IUndo Paragraph_dark__69lap Paragraph_flush__Nj5hO ProductDetailTitle_descriptionCopy__9PG__ Transition_fadeEnter__FmNEN Transition_fadeEnterActive__pj4vH"">A blend of citrus botanicals, balanced by breaking waves of Cedar and the refreshing spice of Cardamom.</p></div>"
B100BT21,3.4 fl oz,19,us,3c0dc81bb05d3da2,usd,aesop_com,Aesop,Body & Hand,Body Cleansers & Scrubs,,"[{""name"": ""Body & Hand"", ""link"": ""https://www.aesop.com/us/c/body-hand/""}, {""name"": ""Body Cleansers & Scrubs"", ""link"": ""https://www.aesop.com/us/c/body-hand/body-cleansers-and-scrubs/""}, {""name"": """", ""link"": null}]","A gentle low-foaming body wash enhanced with a blend of botanical extracts, to cleanse skin and impart a vivifying citrus aroma. Enjoy complimentary standard delivery and returns.",https://www.aesop.com/us/p/body-hand/body-cleansers-and-scrubs/citrus-melange-body-cleanser/,5/26/25,Citrus Melange Body Cleanser,"<div class=""ProductDetailTitle_description__ASETM""><p class=""Paragraph_base__IUndo Paragraph_dark__69lap Paragraph_flush__Nj5hO ProductDetailTitle_descriptionCopy__9PG__ Transition_fadeEnterDone__UeeL0"">A gentle low-foaming body wash enhanced with a blend of botanical extracts, to cleanse skin and impart a vivifying citrus aroma. Enjoy complimentary standard delivery and returns.</p></div>"
,,55,us,3c3edbdb28fa2ce6,usd,aesop_com,Aesop,Kits & Travel,Gift Kits,,"[{""name"": ""Kits & Travel"", ""link"": ""https://www.aesop.com/us/c/kits-travel/""}, {""name"": ""Gift Kits"", ""link"": ""https://www.aesop.com/us/c/kits-travel/gift-kits/""}, {""name"": """", ""link"": null}]",An aromatic body wash and a hydrating balm to effectively cleanse and replenish the skin—arranged in a gift box suitable for sending directly to recipients.,https://www.aesop.com/us/p/gift-guide/gift-bundles/body-care-duo/,5/26/25,Body Care Duo,"<div class=""ProductDetailTitle_description__ASETM""><p class=""Paragraph_base__IUndo Paragraph_dark__69lap Paragraph_flush__Nj5hO ProductDetailTitle_descriptionCopy__9PG__ Transition_fadeEnter__FmNEN Transition_fadeEnterActive__pj4vH"">An aromatic body wash and a hydrating balm to effectively cleanse and replenish the skin—arranged in a gift box suitable for sending directly to recipients.</p></div>"
,,17,us,43823cd9b6dccfb3,usd,aesop_com,Aesop,Body & Hand,Oral Care & Deodorants,,"[{""name"": ""Body & Hand"", ""link"": ""https://www.aesop.com/us/c/body-hand/""}, {""name"": ""Oral Care & Deodorants"", ""link"": ""https://www.aesop.com/us/c/body-hand/oral-care-and-deodorants/""}, {""name"": """", ""link"": null}]",Distinctively flavoured toothpaste to effectively clean teeth and gums.,https://www.aesop.com/us/p/body-hand/oral-care-and-deodorants/toothpaste/,5/26/25,Toothpaste,"<div class=""ProductDetailTitle_description__ASETM""><p class=""Paragraph_base__IUndo Paragraph_dark__69lap Paragraph_flush__Nj5hO ProductDetailTitle_descriptionCopy__9PG__ Transition_fadeEnterDone__UeeL0"">Distinctively flavoured toothpaste to effectively clean teeth and gums.</p></div>"
B100SK18,3.3 fl oz,45,us,4468856349ff20b5,usd,aesop_com,Aesop,Skin,Toners,,"[{""name"": ""Skin"", ""link"": ""https://www.aesop.com/us/c/skin/""}, {""name"": ""Toners"", ""link"": ""https://www.aesop.com/us/c/skin/toners/""}, {""name"": """", ""link"": null}]","An alcohol-free, anti-oxidant rich formulation that soothes and balances the skin while preparing it for hydration.",https://www.aesop.com/us/p/skin/toners/parsley-seed-anti-oxidant-facial-toner/,5/26/25,Parsley Seed Anti-Oxidant Facial Toner,"<div class=""ProductDetailTitle_description__ASETM""><p class=""Paragraph_base__IUndo Paragraph_dark__69lap Paragraph_flush__Nj5hO ProductDetailTitle_descriptionCopy__9PG__ Transition_fadeEnterDone__UeeL0"">An alcohol-free, anti-oxidant rich formulation that soothes and balances the skin while preparing it for hydration.</p></div>"
,,121,us,44f43937d580acbd,usd,aesop_com,Aesop,Skin,Skin Care Kits,,"[{""name"": ""Skin"", ""link"": ""https://www.aesop.com/us/c/skin/""}, {""name"": ""Skin Care Kits"", ""link"": ""https://www.aesop.com/us/c/skin/skin-kits/""}, {""name"": """", ""link"": null}]","Introductory formulations for combination skin, comprising a cleanser, toner and hydrator formulated to address this skin type’s changeable disposition.",https://www.aesop.com/us/p/skin/skin-kits/balance-classic-skin-care-kit-/,5/26/25,Balance: Classic Skin Care Kit,"<div class=""ProductDetailTitle_description__ASETM""><p class=""Paragraph_base__IUndo Paragraph_dark__69lap Paragraph_flush__Nj5hO ProductDetailTitle_descriptionCopy__9PG__ Transition_fadeEnter__FmNEN Transition_fadeEnterActive__pj4vH"">Introductory formulations for combination skin, comprising a cleanser, toner and hydrator formulated to address this skin type’s changeable disposition.</p></div>"
,,119,us,454431ce10e99767,usd,aesop_com,Aesop,Skin,Skin Care Kits,,"[{""name"": ""Skin"", ""link"": ""https://www.aesop.com/us/c/skin/""}, {""name"": ""Skin Care Kits"", ""link"": ""https://www.aesop.com/us/c/skin/skin-kits/""}, {""name"": """", ""link"": null}]","Introductory formulations for dry skin, comprising a cleanser, toner and moisturiser to impart hydration at every step.",https://www.aesop.com/us/p/kits-travel/face/quench-classic-skin-care-kit/,5/26/25,Quench: Classic Skin Care Kit,"<div class=""ProductDetailTitle_description__ASETM""><p class=""Paragraph_base__IUndo Paragraph_dark__69lap Paragraph_flush__Nj5hO ProductDetailTitle_descriptionCopy__9PG__ Transition_fadeEnterDone__UeeL0"">Introductory formulations for dry skin, comprising a cleanser, toner and moisturiser to impart hydration at every step.</p></div>"
,,66,us,496933c545511d89,usd,aesop_com,Aesop,Skin,Cleansers & Exfoliants,,"[{""name"": ""Skin"", ""link"": ""https://www.aesop.com/us/c/skin/""}, {""name"": ""Cleansers & Exfoliants"", ""link"": ""https://www.aesop.com/us/c/skin/cleansers-and-exfoliants/""}, {""name"": """", ""link"": null}]","Gentle yet efficacious, this pairing cleanses skin of makeup and grime without stripping or drying.",https://www.aesop.com/us/p/skin/cleansers-and-exfoliants/makeup-removal-duo-for-dry-skin/,5/26/25,Makeup Removal Duo for Dry Skin,"<div class=""ProductDetailTitle_description__ASETM""><p class=""Paragraph_base__IUndo Paragraph_dark__69lap Paragraph_flush__Nj5hO ProductDetailTitle_descriptionCopy__9PG__ Transition_fadeEnter__FmNEN Transition_fadeEnterActive__pj4vH"">Gentle yet efficacious, this pairing cleanses skin of makeup and grime without stripping or drying. </p></div>"
,,45,us,4b28fcdfbfbdaa2b,usd,aesop_com,Aesop,Body & Hand,Body Cleansers & Scrubs,,"[{""name"": ""Body & Hand"", ""link"": ""https://www.aesop.com/us/c/body-hand/""}, {""name"": ""Body Cleansers & Scrubs"", ""link"": ""https://www.aesop.com/us/c/body-hand/body-cleansers-and-scrubs/""}, {""name"": """", ""link"": null}]",A bracing blend of finely milled Pumice and aromatic botanicals to buff and polish the skin. The ideal preface to hydration.,https://www.aesop.com/us/p/body-hand/body-cleansers-and-scrubs/redemption-body-scrub/,5/26/25,Redemption Body Scrub,"<div class=""ProductDetailTitle_description__ASETM""><p class=""Paragraph_base__IUndo Paragraph_dark__69lap Paragraph_flush__Nj5hO ProductDetailTitle_descriptionCopy__9PG__ Transition_fadeEnterDone__UeeL0"">A bracing blend of finely milled Pumice and aromatic botanicals to buff and polish the skin. The ideal preface to hydration.</p></div>"
,,35,us,4c6df502eb56bfc3,usd,aesop_com,Aesop,Hair,Grooming,,"[{""name"": ""Hair"", ""link"": ""https://www.aesop.com/us/c/hair/""}, {""name"": ""Grooming"", ""link"": ""https://www.aesop.com/us/c/hair/grooming/""}, {""name"": """", ""link"": null}]","Grooming gel to shape and add structure to most hair types and volume to fine, flat or limp hair. Imparts shine and a subtle aroma.",https://www.aesop.com/us/p/hair/groom/sculpt-hair-polish/,5/26/25,Sculpt Hair Polish,"<div class=""ProductDetailTitle_description__ASETM""><p class=""Paragraph_base__IUndo Paragraph_dark__69lap Paragraph_flush__Nj5hO ProductDetailTitle_descriptionCopy__9PG__ Transition_fadeEnterDone__UeeL0"">Grooming gel to shape and add structure to most hair types and volume to fine, flat or limp hair. Imparts shine and a subtle aroma.</p></div>"
,,137,us,4e0092da0ba0173c,usd,aesop_com,Aesop,Skin,Hydrators & Moisturisers,,"[{""name"": ""Skin"", ""link"": ""https://www.aesop.com/us/c/skin/""}, {""name"": ""Hydrators & Moisturisers"", ""link"": ""https://www.aesop.com/us/c/skin/hydrators-and-moisturisers/""}, {""name"": """", ""link"": null}]","A lightly hydrating formulation that delivers generous measures of Vitamins B and C to balance skin. Replenishes and softens skin, and evens its appearance.",https://www.aesop.com/us/p/skin/hydrators-and-moisturisers/b-triple-c-facial-balancing-gel/,5/26/25,B Triple C Facial Balancing Gel,"<div class=""ProductDetailTitle_description__ASETM""><p class=""Paragraph_base__IUndo Paragraph_dark__69lap Paragraph_flush__Nj5hO ProductDetailTitle_descriptionCopy__9PG__ Transition_fadeEnterDone__UeeL0"">A lightly hydrating formulation that delivers generous measures of Vitamins B and C to balance skin. Replenishes and softens skin, and evens its appearance.
</p></div>"
B100SK45,3.3 fl oz,45,us,4f75342037437742,usd,aesop_com,Aesop,Skin,Cleansers & Exfoliants,,"[{""name"": ""Skin"", ""link"": ""https://www.aesop.com/us/c/skin/""}, {""name"": ""Cleansers & Exfoliants"", ""link"": ""https://www.aesop.com/us/c/skin/cleansers-and-exfoliants/""}, {""name"": """", ""link"": null}]",A clarifying formulation that removes surface impurities and offers mild exfoliation from Lactic Acid. Ideal for maintaining immaculately clean skin in urban environments.,https://www.aesop.com/us/p/skin/cleansers-and-exfoliants/parsley-seed-facial-cleanser/,5/26/25,Parsley Seed Facial Cleanser,"<div class=""ProductDetailTitle_description__ASETM""><p class=""Paragraph_base__IUndo Paragraph_dark__69lap Paragraph_flush__Nj5hO ProductDetailTitle_descriptionCopy__9PG__ Transition_fadeEnter__FmNEN Transition_fadeEnterActive__pj4vH"">A clarifying formulation that removes surface impurities and offers mild exfoliation from Lactic Acid. Ideal for maintaining immaculately clean skin in urban environments.</p></div>"
B60SK69,2.0 fl oz,93,us,50b010ea7abfd526,usd,aesop_com,Aesop,Skin,Hydrators & Moisturisers,,"[{""name"": ""Skin"", ""link"": ""https://www.aesop.com/us/c/skin/""}, {""name"": ""Hydrators & Moisturisers"", ""link"": ""https://www.aesop.com/us/c/skin/hydrators-and-moisturisers/""}, {""name"": """", ""link"": null}]","A potent anti-oxidant serum with tripartite benefits for the skin. It fortifies, hydrates and imparts a breathable film to guard against airborne pollutants.",https://www.aesop.com/us/p/skin/hydrators-and-moisturisers/parsley-seed-anti-oxidant-intense-serum/,5/26/25,Parsley Seed Anti-Oxidant Intense Serum,"<div class=""ProductDetailTitle_description__ASETM""><p class=""Paragraph_base__IUndo Paragraph_dark__69lap Paragraph_flush__Nj5hO ProductDetailTitle_descriptionCopy__9PG__ Transition_fadeEnter__FmNEN Transition_fadeEnterActive__pj4vH"">A potent anti-oxidant serum with tripartite benefits for the skin. It fortifies, hydrates and imparts a breathable film to guard against airborne pollutants.</p></div>"
T120HR07,4.1 oz,39,us,50c63b712c2e5973,usd,aesop_com,Aesop,Hair,Hair Treatments,,"[{""name"": ""Hair"", ""link"": ""https://www.aesop.com/us/c/hair/""}, {""name"": ""Hair Treatments"", ""link"": ""https://www.aesop.com/us/c/hair/hair-treatments/""}, {""name"": """", ""link"": null}]","An intensive, conditioning treatment to restore vitality, lustre and softness to the hair, while soothing dry and flaky scalps.",https://www.aesop.com/us/p/hair/treat/rose-hair-scalp-moisturising-masque/,5/26/25,Rose Hair & Scalp Moisturising Masque,"<div class=""ProductDetailTitle_description__ASETM""><p class=""Paragraph_base__IUndo Paragraph_dark__69lap Paragraph_flush__Nj5hO ProductDetailTitle_descriptionCopy__9PG__ Transition_fadeEnterDone__UeeL0"">An intensive, conditioning treatment to restore vitality, lustre and softness to the hair, while soothing dry and flaky scalps.</p></div>"
,,83,us,52f7759ea32ab01a,usd,aesop_com,Aesop,Body & Hand,Hand Washes & Balms,,"[{""name"": ""Body & Hand"", ""link"": ""https://www.aesop.com/us/c/body-hand/""}, {""name"": ""Hand Washes & Balms"", ""link"": ""https://www.aesop.com/us/c/body-hand/hand-washes-and-balms/""}, {""name"": """", ""link"": null}]","Two fragrant cleansers for hard-working hands—one gentle yet effective; the other non-drying, alcohol-based and ideal for use whenever fresh water is unavailable.",https://www.aesop.com/us/p/body-hand/hand-washes-and-balms/resurrection-hand-purifying-duet/,5/26/25,Resurrection Hand Purifying Duet,"<div class=""ProductDetailTitle_description__ASETM""><p class=""Paragraph_base__IUndo Paragraph_dark__69lap Paragraph_flush__Nj5hO ProductDetailTitle_descriptionCopy__9PG__ Transition_fadeEnter__FmNEN Transition_fadeEnterActive__pj4vH"">Two fragrant cleansers for hard-working hands—one gentle yet effective; the other non-drying, alcohol-based and ideal for use whenever fresh water is unavailable.</p></div>"
,,80,us,54fe1200bd0d1649,usd,aesop_com,Aesop,Kits & Travel,Travel,,"[{""name"": ""Kits & Travel"", ""link"": ""https://www.aesop.com/us/c/kits-travel/""}, {""name"": ""Travel"", ""link"": ""https://www.aesop.com/us/c/kits-travel/travel/""}, {""name"": """", ""link"": null}]","Whether your destination is Amsterdam or Amman, always travel with Aesop to ensure your grooming abroad remains impeccable.",https://www.aesop.com/us/p/kits-travel/travel/amsterdam/,5/26/25,Amsterdam,"<div class=""ProductDetailTitle_description__ASETM""><p class=""Paragraph_base__IUndo Paragraph_dark__69lap Paragraph_flush__Nj5hO ProductDetailTitle_descriptionCopy__9PG__ Transition_fadeEnter__FmNEN Transition_fadeEnterActive__pj4vH"">Whether your destination is Amsterdam or Amman, always travel with Aesop to ensure your grooming abroad remains impeccable.</p></div>"
,,136,us,571d2f1fa027a933,usd,aesop_com,Aesop,Skin,Hydrators & Moisturisers,,"[{""name"": ""Skin"", ""link"": ""https://www.aesop.com/us/c/skin/""}, {""name"": ""Hydrators & Moisturisers"", ""link"": ""https://www.aesop.com/us/c/skin/hydrators-and-moisturisers/""}, {""name"": """", ""link"": null}]","A nourishing, anti-oxidant rich blend to fortify the skin against the impact of free radicals—ideal for those in urban environments.",https://www.aesop.com/us/p/skin/hydrators-and-moisturisers/boosted-anti-oxidant-hydration-blend/,5/26/25,Boosted Anti-Oxidant Hydration Blend,"<div class=""ProductDetailTitle_description__ASETM""><p class=""Paragraph_base__IUndo Paragraph_dark__69lap Paragraph_flush__Nj5hO ProductDetailTitle_descriptionCopy__9PG__ Transition_fadeEnterDone__UeeL0"">A nourishing, anti-oxidant rich blend to fortify the skin against the impact of free radicals—ideal for those in urban environments. </p></div>"
,,60,us,58f88bf4d6333a73,usd,aesop_com,Aesop,Skin,Treat & Masque,,"[{""name"": ""Skin"", ""link"": ""https://www.aesop.com/us/c/skin/""}, {""name"": ""Treat & Masque"", ""link"": ""https://www.aesop.com/us/c/skin/treat-masque/""}, {""name"": """", ""link"": null}]","An intensely hydrating masque designed to refresh, replenish and soften skin. A discreet finish makes it an ideal companion for long-haul flights.",https://www.aesop.com/us/p/skin/treat-masque/blue-chamomile-facial-hydrating-masque/,5/26/25,Blue Chamomile Facial Hydrating Masque,"<div class=""ProductDetailTitle_description__ASETM""><p class=""Paragraph_base__IUndo Paragraph_dark__69lap Paragraph_flush__Nj5hO ProductDetailTitle_descriptionCopy__9PG__ Transition_fadeEnter__FmNEN Transition_fadeEnterActive__pj4vH"">An intensely hydrating masque designed to refresh, replenish and soften skin. A discreet finish makes it an ideal companion for long-haul flights.</p></div>"
,,92,us,5d73b3dc53237178,usd,aesop_com,Aesop,Body & Hand,Body Balms & Oils,,"[{""name"": ""Body & Hand"", ""link"": ""https://www.aesop.com/us/c/body-hand/""}, {""name"": ""Body Balms & Oils"", ""link"": ""https://www.aesop.com/us/c/body-hand/body-balms-and-oils/""}, {""name"": """", ""link"": null}]","A hydrating duo with a vivifying aroma to replenish the body, particularly well-suited to those experiencing dry skin—whether year-round, or due to cold weather.",https://www.aesop.com/us/p/body-hand/body-balms-and-oils/intensely-hydrating-citrus-duo-for-the-body/,5/26/25,Intensely Hydrating Citrus Duo for the Body,"<div class=""ProductDetailTitle_description__ASETM""><p class=""Paragraph_base__IUndo Paragraph_dark__69lap Paragraph_flush__Nj5hO ProductDetailTitle_descriptionCopy__9PG__ Transition_fadeEnter__FmNEN Transition_fadeEnterActive__pj4vH"">A hydrating duo with a vivifying aroma to replenish the body, particularly well-suited to those experiencing dry skin—whether year-round, or due to cold weather.</p></div>"
T180BT25,6.5 oz,37,us,5debf93f8debaa67,usd,aesop_com,Aesop,Body & Hand,Body Cleansers & Scrubs,,"[{""name"": ""Body & Hand"", ""link"": ""https://www.aesop.com/us/c/body-hand/""}, {""name"": ""Body Cleansers & Scrubs"", ""link"": ""https://www.aesop.com/us/c/body-hand/body-cleansers-and-scrubs/""}, {""name"": """", ""link"": null}]","A gentle, hydrating cleanser with a comforting cream texture containing a blend of botanicals renowned for their purifying properties. Ideal for dry or dehydrated skin.",https://www.aesop.com/us/p/body-hand/body-cleansers-and-scrubs/eleos-nourishing-body-cleanser/,5/26/25,Eleos Nourishing Body Cleanser,"<div class=""ProductDetailTitle_description__ASETM""><p class=""Paragraph_base__IUndo Paragraph_dark__69lap Paragraph_flush__Nj5hO ProductDetailTitle_descriptionCopy__9PG__ Transition_fadeEnter__FmNEN Transition_fadeEnterActive__pj4vH"">A gentle, hydrating cleanser with a comforting cream texture containing a blend of botanicals renowned for their purifying properties. Ideal for dry or dehydrated skin.</p></div>"
B500BM05,16.4 oz,100,us,607f5fb537c984e2,usd,aesop_com,Aesop,Body & Hand,Body Balms & Oils,,"[{""name"": ""Body & Hand"", ""link"": ""https://www.aesop.com/us/c/body-hand/""}, {""name"": ""Body Balms & Oils"", ""link"": ""https://www.aesop.com/us/c/body-hand/body-balms-and-oils/""}, {""name"": """", ""link"": null}]",A sumptuous moisturising balm enhanced with hydrating Macadamia Nut and Sandalwood oils. Particularly suited to parched skin.,https://www.aesop.com/us/p/body-hand/body-balms-and-oils/rejuvenate-intensive-body-balm/,5/26/25,Rejuvenate Intensive Body Balm,"<div class=""ProductDetailTitle_description__ASETM""><p class=""Paragraph_base__IUndo Paragraph_dark__69lap Paragraph_flush__Nj5hO ProductDetailTitle_descriptionCopy__9PG__ Transition_fadeEnter__FmNEN Transition_fadeEnterActive__pj4vH"">A sumptuous moisturising balm enhanced with hydrating Macadamia Nut and Sandalwood oils. Particularly suited to parched skin.</p></div>"
,,61,us,6617ff83fe66918f,usd,aesop_com,Aesop,Skin,Hydrators & Moisturisers,,"[{""name"": ""Skin"", ""link"": ""https://www.aesop.com/us/c/skin/""}, {""name"": ""Hydrators & Moisturisers"", ""link"": ""https://www.aesop.com/us/c/skin/hydrators-and-moisturisers/""}, {""name"": """", ""link"": null}]","An intensely nourishing, richly emollient hydrator that conditions skin and provides soothing barrier protection.",https://www.aesop.com/us/p/skin/hydrators-and-moisturisers/elemental-facial-barrier-cream/,5/26/25,Elemental Facial Barrier Cream,"<div class=""ProductDetailTitle_description__ASETM""><p class=""Paragraph_base__IUndo Paragraph_dark__69lap Paragraph_flush__Nj5hO ProductDetailTitle_descriptionCopy__9PG__ Transition_fadeEnter__FmNEN Transition_fadeEnterActive__pj4vH"">An intensely nourishing, richly emollient hydrator that conditions skin and provides soothing barrier protection.</p></div>"
,,100,us,66ba05d8698dc26a,usd,aesop_com,Aesop,Kits & Travel,Gift Kits,,"[{""name"": ""Kits & Travel"", ""link"": ""https://www.aesop.com/us/c/kits-travel/""}, {""name"": ""Gift Kits"", ""link"": ""https://www.aesop.com/us/c/kits-travel/gift-kits/""}, {""name"": """", ""link"": null}]",A cream-based facial scrub and a concentrated facial oil to polish and replenish the skin—arranged in a gift box suitable for sending directly to recipients.,https://www.aesop.com/us/p/gift-guide/gift-bundles/exfoliate-hydrate-duo/,5/26/25,Exfoliate and Hydrate Duo,"<div class=""ProductDetailTitle_description__ASETM""><p class=""Paragraph_base__IUndo Paragraph_dark__69lap Paragraph_flush__Nj5hO ProductDetailTitle_descriptionCopy__9PG__ Transition_fadeEnterDone__UeeL0"">A cream-based facial scrub and a concentrated facial oil to polish and replenish the skin—arranged in a gift box suitable for sending directly to recipients. </p></div>"
,,61,us,66c1aca9e7bf0e95,usd,aesop_com,Aesop,Room Sprays,,,"[{""name"": ""Room Sprays"", ""link"": ""https://www.aesop.com/us/c/home/room-sprays/""}, {""name"": """", ""link"": null}, {""name"": """", ""link"": null}]","A union of enlivening florals and Tobacco, Istros stimulates the atmosphere with aromas of the bazaar.",https://www.aesop.com/us/p/home/room-sprays/istros-aromatique-room-spray/,5/26/25,Istros Aromatique Room Spray,"<div class=""ProductDetailTitle_description__ASETM""><p class=""Paragraph_base__IUndo Paragraph_dark__69lap Paragraph_flush__Nj5hO ProductDetailTitle_descriptionCopy__9PG__ Transition_fadeEnterDone__UeeL0"">A union of enlivening florals and Tobacco, Istros stimulates the atmosphere with aromas of the bazaar.</p></div>"
,,27,us,6a5116e92c2f7904,usd,aesop_com,Aesop,Body & Hand,Oral Care & Deodorants,,"[{""name"": ""Body & Hand"", ""link"": ""https://www.aesop.com/us/c/body-hand/""}, {""name"": ""Oral Care & Deodorants"", ""link"": ""https://www.aesop.com/us/c/body-hand/oral-care-and-deodorants/""}, {""name"": """", ""link"": null}]","A breath-freshening, romance-enhancing, alcohol-free formulation to maintain impeccable oral hygiene, for the benefit of those in close proximity.",https://www.aesop.com/us/p/body-hand/oral-care-and-deodorants/mouthwash/,5/26/25,Mouthwash,"<div class=""ProductDetailTitle_description__ASETM""><p class=""Paragraph_base__IUndo Paragraph_dark__69lap Paragraph_flush__Nj5hO ProductDetailTitle_descriptionCopy__9PG__ Transition_fadeEnter__FmNEN Transition_fadeEnterActive__pj4vH"">A breath-freshening, romance-enhancing, alcohol-free formulation to maintain impeccable oral hygiene, for the benefit of those in close proximity.</p></div>"
,,200,us,6b149e9dabed8ddd,usd,aesop_com,Aesop,Fragrance,Ouranon,,"[{""name"": ""Fragrance"", ""link"": ""https://www.aesop.com/us/c/fragrance/""}, {""name"": ""Ouranon"", ""link"": ""https://www.aesop.com/us/c/fragrance/ouranon/""}, {""name"": """", ""link"": null}]","A fragrance with opening notes of sparkling citrus and an aromatic, herbaceous heart; softened by warm, resinous accords and a mineral earthiness.",https://www.aesop.com/us/p/fragrance/ouranon/ouranon-eau-de-parfum/,5/26/25,Ouranon Eau de Parfum,"<div class=""ProductDetailTitle_description__ASETM""><p class=""Paragraph_base__IUndo Paragraph_dark__69lap Paragraph_flush__Nj5hO ProductDetailTitle_descriptionCopy__9PG__ Transition_fadeEnterDone__UeeL0"">A fragrance with opening notes of sparkling citrus and an aromatic, herbaceous heart; softened by warm, resinous accords and a mineral earthiness. </p></div>"
T100BM07,3.4 oz,45,us,6b80457f7eedc395,usd,aesop_com,Aesop,Body & Hand,Body Balms & Oils,,"[{""name"": ""Body & Hand"", ""link"": ""https://www.aesop.com/us/c/body-hand/""}, {""name"": ""Body Balms & Oils"", ""link"": ""https://www.aesop.com/us/c/body-hand/body-balms-and-oils/""}, {""name"": """", ""link"": null}]",A moisturising formulation with an uplifting citrus aroma and nourishing nut oil extracts to soften and smooth the skin.,https://www.aesop.com/us/p/body-hand/body-balms-and-oils/rind-concentrate-body-balm/,5/26/25,Rind Concentrate Body Balm,"<div class=""ProductDetailTitle_description__ASETM""><p class=""Paragraph_base__IUndo Paragraph_dark__69lap Paragraph_flush__Nj5hO ProductDetailTitle_descriptionCopy__9PG__ Transition_fadeEnterDone__UeeL0"">A moisturising formulation with an uplifting citrus aroma and nourishing nut oil extracts to soften and smooth the skin.</p></div>"
,,27,us,6d781e21c80dd908,usd,aesop_com,Aesop,Skin,Hydrators & Moisturisers,,"[{""name"": ""Skin"", ""link"": ""https://www.aesop.com/us/c/skin/""}, {""name"": ""Hydrators & Moisturisers"", ""link"": ""https://www.aesop.com/us/c/skin/hydrators-and-moisturisers/""}, {""name"": """", ""link"": null}]","A refreshing, Rose Petal-infused misting hydrator to refresh and revive skin and senses in the home, office or at altitude.",https://www.aesop.com/us/p/skin/hydrators-and-moisturisers/immediate-moisture-facial-hydrosol/,5/26/25,Immediate Moisture Facial Hydrosol,"<div class=""ProductDetailTitle_description__ASETM""><p class=""Paragraph_base__IUndo Paragraph_dark__69lap Paragraph_flush__Nj5hO ProductDetailTitle_descriptionCopy__9PG__ Transition_fadeEnterDone__UeeL0"">A refreshing, Rose Petal-infused misting hydrator to refresh and revive skin and senses in the home, office or at altitude.</p></div>"
,,112,us,712c88e803af0177,usd,aesop_com,Aesop,Skin,Cleansers & Exfoliants,,"[{""name"": ""Skin"", ""link"": ""https://www.aesop.com/us/c/skin/""}, {""name"": ""Cleansers & Exfoliants"", ""link"": ""https://www.aesop.com/us/c/skin/cleansers-and-exfoliants/""}, {""name"": """", ""link"": null}]","This gentle yet thorough pairing effortlessly polishes skin and lifts impurities, revealing a surface optimally prepared for hydration.",https://www.aesop.com/us/p/skin/cleansers-and-exfoliants/gentle-deep-cleansing-duo/,5/26/25,Gentle Deep-Cleansing Duo,"<div class=""ProductDetailTitle_description__ASETM""><p class=""Paragraph_base__IUndo Paragraph_dark__69lap Paragraph_flush__Nj5hO ProductDetailTitle_descriptionCopy__9PG__ Transition_fadeEnterDone__UeeL0"">This gentle yet thorough pairing effortlessly polishes skin and lifts impurities, revealing a surface optimally prepared for hydration.</p></div>"
,,37,us,7153d575fc1aa1db,usd,aesop_com,Aesop,Body & Hand,Bar Soaps,,"[{""name"": ""Body & Hand"", ""link"": ""https://www.aesop.com/us/c/body-hand/""}, {""name"": ""Bar Soaps"", ""link"": ""https://www.aesop.com/us/c/body-hand/bar-soaps/""}, {""name"": """", ""link"": null}]","A gentle soap of generous proportions, boosted with botanical oils renowned for their purifying properties—suited to most skin types. For use while bathing or at the basin.",https://www.aesop.com/us/p/body-hand/bar-soaps/refresh-body-cleansing-slab/,5/26/25,Refresh Body Cleansing Slab,"<div class=""ProductDetailTitle_description__ASETM""><p class=""Paragraph_base__IUndo Paragraph_dark__69lap Paragraph_flush__Nj5hO ProductDetailTitle_descriptionCopy__9PG__ Transition_fadeEnterDone__UeeL0"">A gentle soap of generous proportions, boosted with botanical oils renowned for their purifying properties—suited to most skin types. For use while bathing or at the basin.</p></div>"
,,35,us,730961a3f7074ef8,usd,aesop_com,Aesop,Hair,Grooming,,"[{""name"": ""Hair"", ""link"": ""https://www.aesop.com/us/c/hair/""}, {""name"": ""Grooming"", ""link"": ""https://www.aesop.com/us/c/hair/grooming/""}, {""name"": """", ""link"": null}]","A shaping balm enhanced with nourishing butters and hydrating nut oil extracts that conditions, softens and shapes hard-to-manage hair.",https://www.aesop.com/us/p/hair/groom/violet-leaf-hair-balm/,5/26/25,Violet Leaf Hair Balm,"<div class=""ProductDetailTitle_description__ASETM""><p class=""Paragraph_base__IUndo Paragraph_dark__69lap Paragraph_flush__Nj5hO ProductDetailTitle_descriptionCopy__9PG__ Transition_fadeEnterDone__UeeL0"">A shaping balm enhanced with nourishing butters and hydrating nut oil extracts that conditions, softens and shapes hard-to-manage hair.</p></div>"
,,143,us,7357b383cb1fe485,usd,aesop_com,Aesop,Skin,Treat & Masque,,"[{""name"": ""Skin"", ""link"": ""https://www.aesop.com/us/c/skin/""}, {""name"": ""Treat & Masque"", ""link"": ""https://www.aesop.com/us/c/skin/treat-masque/""}, {""name"": """", ""link"": null}]","An overnight redeemer enhanced with Vitamins B, C, E and F. Offers immediate and sustained hydration to balance skin and even its appearance.",https://www.aesop.com/us/p/skin/treat-masque/sublime-replenishing-night-masque/,5/26/25,Sublime Replenishing Night Masque,"<div class=""ProductDetailTitle_description__ASETM""><p class=""Paragraph_base__IUndo Paragraph_dark__69lap Paragraph_flush__Nj5hO ProductDetailTitle_descriptionCopy__9PG__ Transition_fadeEnterDone__UeeL0"">An overnight redeemer enhanced with Vitamins B, C, E and F. Offers immediate and sustained hydration to balance skin and even its appearance. 
</p></div>"
,,110,us,73ba00c561980fe7,usd,aesop_com,Aesop,Candles,,,"[{""name"": ""Candles"", ""link"": ""https://www.aesop.com/us/c/home/candles/""}, {""name"": """", ""link"": null}, {""name"": """", ""link"": null}]","Scented candle redolent of ritual in its inclusion of Frankincense, Guaiacwood, and fresh notes of Shiso. Formulated with vegan-friendly ingredients.",https://www.aesop.com/us/p/home/candles/callippus-aromatique-candle/,5/26/25,Callippus Aromatique Candle,"<div class=""ProductDetailTitle_description__ASETM""><p class=""Paragraph_base__IUndo Paragraph_dark__69lap Paragraph_flush__Nj5hO ProductDetailTitle_descriptionCopy__9PG__ Transition_fadeEnterDone__UeeL0"">Scented candle redolent of ritual in its inclusion of Frankincense, Guaiacwood, and fresh notes of Shiso. Formulated with vegan-friendly ingredients.</p></div>"
,,27,us,7423b1fddfb50bdf,usd,aesop_com,Aesop,Skin,Shaving,,"[{""name"": ""Skin"", ""link"": ""https://www.aesop.com/us/c/skin/""}, {""name"": ""Shaving"", ""link"": ""https://www.aesop.com/us/c/skin/shaving/""}, {""name"": """", ""link"": null}]",Two ten-packs of double-edge stainless steel Merkur Solingen razor blades. Each individually wrapped.,https://www.aesop.com/us/p/skin/shaving/double-edge-razor-blades/,5/26/25,Double-Edge Razor Blades,"<div class=""ProductDetailTitle_description__ASETM""><p class=""Paragraph_base__IUndo Paragraph_dark__69lap Paragraph_flush__Nj5hO ProductDetailTitle_descriptionCopy__9PG__ Transition_fadeEnter__FmNEN Transition_fadeEnterActive__pj4vH"">Two ten-packs of double-edge stainless steel Merkur Solingen razor blades. Each individually wrapped.</p></div>"
,,59,us,742e6c40c679e00a,usd,aesop_com,Aesop,Skin,Cleansers & Exfoliants,,"[{""name"": ""Skin"", ""link"": ""https://www.aesop.com/us/c/skin/""}, {""name"": ""Cleansers & Exfoliants"", ""link"": ""https://www.aesop.com/us/c/skin/cleansers-and-exfoliants/""}, {""name"": """", ""link"": null}]",A cream-based cleansing formulation enhanced with fine Quartz and Lactic Acid to slough away dead skin cells and soften the skin.,https://www.aesop.com/us/p/skin/cleansers-and-exfoliants/purifying-facial-exfoliant-paste/,5/26/25,Purifying Facial Exfoliant Paste,"<div class=""ProductDetailTitle_description__ASETM""><p class=""Paragraph_base__IUndo Paragraph_dark__69lap Paragraph_flush__Nj5hO ProductDetailTitle_descriptionCopy__9PG__ Transition_fadeEnterDone__UeeL0"">A cream-based cleansing formulation enhanced with fine Quartz and Lactic Acid to slough away dead skin cells and soften the skin.
</p></div>"
,,22,us,747483429771a7c0,usd,aesop_com,Aesop,Literature,,,"[{""name"": ""Literature"", ""link"": ""https://www.aesop.com/us/c/home/literature/""}, {""name"": """", ""link"": null}, {""name"": """", ""link"": null}]","A suspenseful, metafictional story about a troubling fixation on therapy; an interview with visionary fiction writer and essayist Mary Gaitskill; a sprawling poem that stretches the limits of language and identity; much more.",https://www.aesop.com/us/p/home/literature/the-paris-review-no-243-spring-2023/,5/26/25,"The Paris Review no. 243, Spring 2023","<div class=""ProductDetailTitle_description__ASETM""><p class=""Paragraph_base__IUndo Paragraph_dark__69lap Paragraph_flush__Nj5hO ProductDetailTitle_descriptionCopy__9PG__ Transition_fadeEnterDone__UeeL0"">A suspenseful, metafictional story about a troubling fixation on therapy; an interview with visionary fiction writer and essayist Mary Gaitskill; a sprawling poem that stretches the limits of language and identity; much more.</p></div>"
,,210,us,7581d52b3e70fde8,usd,aesop_com,Aesop,Oil Burner Blends,,,"[{""name"": ""Oil Burner Blends"", ""link"": ""https://www.aesop.com/us/c/home/oil-burner-blends/""}, {""name"": """", ""link"": null}, {""name"": """", ""link"": null}]","An object of substance and beauty—a unique, refined alternative to traditional burners. Designed for Aesop by Studio Henry Wilson and crafted from solid brass.",https://www.aesop.com/us/p/home/oil-burner-blends/brass-oil-burner/,5/26/25,Brass Oil Burner,"<div class=""ProductDetailTitle_description__ASETM""><p class=""Paragraph_base__IUndo Paragraph_dark__69lap Paragraph_flush__Nj5hO ProductDetailTitle_descriptionCopy__9PG__ Transition_fadeEnter__FmNEN Transition_fadeEnterActive__pj4vH"">An object of substance and beauty—a unique, refined alternative to traditional burners. Designed for Aesop by Studio Henry Wilson and crafted from solid brass.</p></div>"
T100BM08,3.4 oz,45,us,78081c18878bc450,usd,aesop_com,Aesop,Body & Hand,Body Balms & Oils,,"[{""name"": ""Body & Hand"", ""link"": ""https://www.aesop.com/us/c/body-hand/""}, {""name"": ""Body Balms & Oils"", ""link"": ""https://www.aesop.com/us/c/body-hand/body-balms-and-oils/""}, {""name"": """", ""link"": null}]","A rich blend of nourishing nut oils, skin-softening ingredients and Geranium Leaf and Citrus extracts to provide exceptional hydration.",https://www.aesop.com/us/p/body-hand/body-balms-and-oils/geranium-leaf-body-balm/,5/26/25,Geranium Leaf Body Balm,"<div class=""ProductDetailTitle_description__ASETM""><p class=""Paragraph_base__IUndo Paragraph_dark__69lap Paragraph_flush__Nj5hO ProductDetailTitle_descriptionCopy__9PG__ Transition_fadeEnterDone__UeeL0"">A rich blend of nourishing nut oils, skin-softening ingredients and Geranium Leaf and Citrus extracts to provide exceptional hydration.</p></div>"
,,37,us,78b3b1e0648f1f89,usd,aesop_com,Aesop,Hair,Hair Treatments,,"[{""name"": ""Hair"", ""link"": ""https://www.aesop.com/us/c/hair/""}, {""name"": ""Hair Treatments"", ""link"": ""https://www.aesop.com/us/c/hair/hair-treatments/""}, {""name"": """", ""link"": null}]","A pre-shampoo treatment to care for delicate scalps, enhanced with botanical oils recognised for their purifying, soothing and hydrating properties.",https://www.aesop.com/us/p/hair/treat/sage-cedar-scalp-treatment/,5/26/25,Sage & Cedar Scalp Treatment,"<div class=""ProductDetailTitle_description__ASETM""><p class=""Paragraph_base__IUndo Paragraph_dark__69lap Paragraph_flush__Nj5hO ProductDetailTitle_descriptionCopy__9PG__ Transition_fadeEnter__FmNEN Transition_fadeEnterActive__pj4vH"">A pre-shampoo treatment to care for delicate scalps, enhanced with botanical oils recognised for their purifying, soothing and hydrating properties.</p></div>"
B500BT13RF,16.9 fl oz,43,us,79beb043d70b8b8d,usd,aesop_com,Aesop,Body & Hand,Hand Washes & Balms,,"[{""name"": ""Body & Hand"", ""link"": ""https://www.aesop.com/us/c/body-hand/""}, {""name"": ""Hand Washes & Balms"", ""link"": ""https://www.aesop.com/us/c/body-hand/hand-washes-and-balms/""}, {""name"": """", ""link"": null}]","A gentle formulation containing oils of Orange, Rosemary and Lavender to effectively cleanse the hands without drying them out.",https://www.aesop.com/us/p/body-hand/hand-washes-and-balms/resurrection-aromatique-hand-wash/,5/26/25,Resurrection Aromatique Hand Wash,"<div class=""ProductDetailTitle_description__ASETM""><p class=""Paragraph_base__IUndo Paragraph_dark__69lap Paragraph_flush__Nj5hO ProductDetailTitle_descriptionCopy__9PG__ Transition_fadeEnter__FmNEN Transition_fadeEnterActive__pj4vH"">A gentle formulation containing oils of Orange, Rosemary and Lavender to effectively cleanse the hands without drying them out.</p></div>"
B500BT17,16.9 fl oz,43,us,7b43c5a0de34ef41,usd,aesop_com,Aesop,Body & Hand,Hand Washes & Balms,,"[{""name"": ""Body & Hand"", ""link"": ""https://www.aesop.com/us/c/body-hand/""}, {""name"": ""Hand Washes & Balms"", ""link"": ""https://www.aesop.com/us/c/body-hand/hand-washes-and-balms/""}, {""name"": """", ""link"": null}]","An unorthodox aromatic blend with botanical extracts and finely milled Pumice, to gently cleanse, exfoliate, and leave the hands smooth, purified, and refreshed.",https://www.aesop.com/us/p/body-hand/hand-washes-and-balms/reverence-aromatique-hand-wash/,5/26/25,Reverence Aromatique Hand Wash,"<div class=""ProductDetailTitle_description__ASETM""><p class=""Paragraph_base__IUndo Paragraph_dark__69lap Paragraph_flush__Nj5hO ProductDetailTitle_descriptionCopy__9PG__ Transition_fadeEnter__FmNEN Transition_fadeEnterActive__pj4vH"">An unorthodox aromatic blend with botanical extracts and finely milled Pumice, to gently cleanse, exfoliate, and leave the hands smooth, purified, and refreshed.</p></div>"
,,90,us,7de295844ec2ac9f,usd,aesop_com,Aesop,Hair,Shampoo & Conditioner,,"[{""name"": ""Hair"", ""link"": ""https://www.aesop.com/us/c/hair/""}, {""name"": ""Shampoo & Conditioner"", ""link"": ""https://www.aesop.com/us/c/hair/shampoo-and-conditioner/""}, {""name"": """", ""link"": null}]",A shampoo and conditioner of generous proportions suited to a wide range of hair types and ideal for frequent use.,https://www.aesop.com/us/p/hair/shampoo-and-conditioner/classic-hair-care-duo/,5/26/25,Classic Hair Care Duo,"<div class=""ProductDetailTitle_description__ASETM""><p class=""Paragraph_base__IUndo Paragraph_dark__69lap Paragraph_flush__Nj5hO ProductDetailTitle_descriptionCopy__9PG__ Transition_fadeEnterDone__UeeL0"">A shampoo and conditioner of generous proportions suited to a wide range of hair types and ideal for frequent use.</p></div>"
,,45,us,829ffb02f7f9569c,usd,aesop_com,Aesop,Skin,Sun Care,,"[{""name"": ""Skin"", ""link"": ""https://www.aesop.com/us/c/skin/""}, {""name"": ""Sun Care"", ""link"": ""https://www.aesop.com/us/c/skin/sun-care-spf/""}, {""name"": """", ""link"": null}]",Moisturising broad-spectrum SPF50 sunscreen with a lightweight skin feel and refreshing aroma. Boosted with Vitamin E to soften and hydrate.,https://www.aesop.com/us/p/skin/sun-care-spf/avail-body-lotion-with-sunscreen/,5/26/25,Avail Body Lotion with Sunscreen,"<div class=""ProductDetailTitle_description__ASETM""><p class=""Paragraph_base__IUndo Paragraph_dark__69lap Paragraph_flush__Nj5hO ProductDetailTitle_descriptionCopy__9PG__ Transition_fadeEnter__FmNEN Transition_fadeEnterActive__pj4vH"">Moisturising broad-spectrum SPF50 sunscreen with a lightweight skin feel and refreshing aroma. Boosted with Vitamin E to soften and hydrate.</p></div>"
,,23,us,89a7e8e006655b20,usd,aesop_com,Aesop,Skin,Eye & Lip Care,,"[{""name"": ""Skin"", ""link"": ""https://www.aesop.com/us/c/skin/""}, {""name"": ""Eye & Lip Care"", ""link"": ""https://www.aesop.com/us/c/skin/eyes-lips/""}, {""name"": """", ""link"": null}]",Nourishing formulation offering exceptional moisturisation for dry or chapped lips; contains a blend of vegetable-derived emollients to smooth and soften.,https://www.aesop.com/us/p/skin/eyes-lips/cedar-citrus-lip-salve/,5/26/25,Cedar & Citrus Lip Salve,"<div class=""ProductDetailTitle_description__ASETM""><p class=""Paragraph_base__IUndo Paragraph_dark__69lap Paragraph_flush__Nj5hO ProductDetailTitle_descriptionCopy__9PG__ Transition_fadeEnter__FmNEN Transition_fadeEnterActive__pj4vH"">Nourishing formulation offering exceptional moisturisation for dry or chapped lips; contains a blend of vegetable-derived emollients to smooth and soften.</p></div>"
,,80,us,8df64b474c35d148,usd,aesop_com,Aesop,Kits & Travel,Travel,,"[{""name"": ""Kits & Travel"", ""link"": ""https://www.aesop.com/us/c/kits-travel/""}, {""name"": ""Travel"", ""link"": ""https://www.aesop.com/us/c/kits-travel/travel/""}, {""name"": """", ""link"": null}]","Whether your destination is Kyoto or Kakadu, always travel with Aesop to ensure your grooming abroad remains impeccable.",https://www.aesop.com/us/p/kits-travel/travel/kyoto/,5/26/25,Kyoto,"<div class=""ProductDetailTitle_description__ASETM""><p class=""Paragraph_base__IUndo Paragraph_dark__69lap Paragraph_flush__Nj5hO ProductDetailTitle_descriptionCopy__9PG__ Transition_fadeEnter__FmNEN Transition_fadeEnterActive__pj4vH"">Whether your destination is Kyoto or Kakadu, always travel with Aesop to ensure your grooming abroad remains impeccable. </p></div>"
,,61,us,92ab18615e13d360,usd,aesop_com,Aesop,Skin,Sun Care,,"[{""name"": ""Skin"", ""link"": ""https://www.aesop.com/us/c/skin/""}, {""name"": ""Sun Care"", ""link"": ""https://www.aesop.com/us/c/skin/sun-care-spf/""}, {""name"": """", ""link"": null}]","A lightweight, rapidly absorbed SPF25 hydrator that provides broad-spectrum protection against the damaging effects of UVA and UVB radiation.",https://www.aesop.com/us/p/skin/sun-care-spf/avail-facial-lotion-with-sunscreen/,5/26/25,Avail Facial Lotion with Sunscreen,"<div class=""ProductDetailTitle_description__ASETM""><p class=""Paragraph_base__IUndo Paragraph_dark__69lap Paragraph_flush__Nj5hO ProductDetailTitle_descriptionCopy__9PG__ Transition_fadeEnterDone__UeeL0"">A lightweight, rapidly absorbed SPF25 hydrator that provides broad-spectrum protection against the damaging effects of UVA and UVB radiation.</p></div>"
,,55,us,983ee460f6e6bab9,usd,aesop_com,Aesop,Fragrance,Woody,,"[{""name"": ""Fragrance"", ""link"": ""https://www.aesop.com/us/c/fragrance/""}, {""name"": ""Woody"", ""link"": ""https://www.aesop.com/us/c/fragrance/woody/""}, {""name"": """", ""link"": null}]","An ensemble of discovery-sized fragrances ranging from light, fresh and invigorating to woody, spicy and intriguing.",https://www.aesop.com/us/p/fragrance/woody/fragrance-anthology-volume-i/,5/26/25,Fragrance Anthology Volume I,"<div class=""ProductDetailTitle_description__ASETM""><p class=""Paragraph_base__IUndo Paragraph_dark__69lap Paragraph_flush__Nj5hO ProductDetailTitle_descriptionCopy__9PG__ Transition_fadeEnter__FmNEN Transition_fadeEnterActive__pj4vH"">An ensemble of discovery-sized fragrances ranging from light, fresh and invigorating to woody, spicy and intriguing.</p></div>"
B500BT12RF,16.9 fl oz,50,us,9841f3bcde7c8299,usd,aesop_com,Aesop,Body & Hand,Body Cleansers & Scrubs,,"[{""name"": ""Body & Hand"", ""link"": ""https://www.aesop.com/us/c/body-hand/""}, {""name"": ""Body Cleansers & Scrubs"", ""link"": ""https://www.aesop.com/us/c/body-hand/body-cleansers-and-scrubs/""}, {""name"": """", ""link"": null}]","An aromatic gel formulated to cleanse gently yet thoroughly, enhanced with the finest Rose Petal Oil and other skin-softening botanical extracts.",https://www.aesop.com/us/p/body-hand/body-cleansers-and-scrubs/a-rose-by-any-other-name-body-cleanser/,5/26/25,A Rose By Any Other Name Body Cleanser,"<div class=""ProductDetailTitle_description__ASETM""><p class=""Paragraph_base__IUndo Paragraph_dark__69lap Paragraph_flush__Nj5hO ProductDetailTitle_descriptionCopy__9PG__ Transition_fadeEnter__FmNEN Transition_fadeEnterActive__pj4vH"">An aromatic gel formulated to cleanse gently yet thoroughly, enhanced with the finest Rose Petal Oil and other skin-softening botanical extracts.</p></div>"
,,63,us,98cf2e1eb37586f7,usd,aesop_com,Aesop,Skin,Treat & Masque,,"[{""name"": ""Skin"", ""link"": ""https://www.aesop.com/us/c/skin/""}, {""name"": ""Treat & Masque"", ""link"": ""https://www.aesop.com/us/c/skin/treat-masque/""}, {""name"": """", ""link"": null}]","A potent blend of oils enhanced with anti-oxidant rich botanicals and Vitamin E to nourish, fortify and revive the skin.",https://www.aesop.com/us/p/skin/treat-masque/parsley-seed-anti-oxidant-facial-treatment/,5/26/25,Parsley Seed Anti-Oxidant Facial Treatment,"<div class=""ProductDetailTitle_description__ASETM""><p class=""Paragraph_base__IUndo Paragraph_dark__69lap Paragraph_flush__Nj5hO ProductDetailTitle_descriptionCopy__9PG__ Transition_fadeEnter__FmNEN Transition_fadeEnterActive__pj4vH"">A potent blend of oils enhanced with anti-oxidant rich botanicals and Vitamin E to nourish, fortify and revive the skin.</p></div>"
,,200,us,98f4702bbc6a09c7,usd,aesop_com,Aesop,Fragrance,Floral,,"[{""name"": ""Fragrance"", ""link"": ""https://www.aesop.com/us/c/fragrance/""}, {""name"": ""Floral"", ""link"": ""https://www.aesop.com/us/c/fragrance/floral/""}, {""name"": """", ""link"": null}]","A defiant floral fragrance with unexpected contrasts: rousing green spice converges with herbaceous depths, while resonant Magnolia Leaf finds roots in sumptuous woody notes.",https://www.aesop.com/us/p/fragrance/floral/aurner-eau-de-parfum/,5/26/25,Aurner Eau de Parfum,"<div class=""ProductDetailTitle_description__ASETM""><p class=""Paragraph_base__IUndo Paragraph_dark__69lap Paragraph_flush__Nj5hO ProductDetailTitle_descriptionCopy__9PG__ Transition_fadeEnter__FmNEN Transition_fadeEnterActive__pj4vH"">A defiant floral fragrance with unexpected contrasts: rousing green spice converges with herbaceous depths, while resonant Magnolia Leaf finds roots in sumptuous woody notes. </p></div>"
,,278,us,99281ffda7e0e6ff,usd,aesop_com,Aesop,Skin,Hydrators & Moisturisers,,"[{""name"": ""Skin"", ""link"": ""https://www.aesop.com/us/c/skin/""}, {""name"": ""Hydrators & Moisturisers"", ""link"": ""https://www.aesop.com/us/c/skin/hydrators-and-moisturisers/""}, {""name"": """", ""link"": null}]","Two intensely hydrating Skin Care+ formulations to deliver replenishing doses of Vitamin C, day or night.",https://www.aesop.com/us/p/skin/hydrators-and-moisturisers/vitamin-c-for-day-night/,5/26/25,Vitamin C for Day & Night,"<div class=""ProductDetailTitle_description__ASETM""><p class=""Paragraph_base__IUndo Paragraph_dark__69lap Paragraph_flush__Nj5hO ProductDetailTitle_descriptionCopy__9PG__ Transition_fadeEnterDone__UeeL0"">Two intensely hydrating Skin Care+ formulations to deliver replenishing doses of Vitamin C, day or night.</p></div>"
,,107,us,99f030d9a4bade15,usd,aesop_com,Aesop,Skin,Shaving,,"[{""name"": ""Skin"", ""link"": ""https://www.aesop.com/us/c/skin/""}, {""name"": ""Shaving"", ""link"": ""https://www.aesop.com/us/c/skin/shaving/""}, {""name"": """", ""link"": null}]","Featuring a hand-polished and triple-plated collar, this high density handle and chrome-plated blade head are perfectly balanced to facilitate an immaculate shave. Sold with ten stainless steel Merkur Solingen razor blades.",https://www.aesop.com/us/p/skin/shaving/double-edge-razor/,5/26/25,Double-Edge Razor,"<div class=""ProductDetailTitle_description__ASETM""><p class=""Paragraph_base__IUndo Paragraph_dark__69lap Paragraph_flush__Nj5hO ProductDetailTitle_descriptionCopy__9PG__ Transition_fadeEnter__FmNEN Transition_fadeEnterActive__pj4vH"">Featuring a hand-polished and triple-plated collar, this high density handle and chrome-plated blade head are perfectly balanced to facilitate an immaculate shave. Sold with ten stainless steel Merkur Solingen razor blades.</p></div>"
B500BM09,16.7 oz,100,us,9bec2f4d1485d13d,usd,aesop_com,Aesop,Body & Hand,Body Balms & Oils,,"[{""name"": ""Body & Hand"", ""link"": ""https://www.aesop.com/us/c/body-hand/""}, {""name"": ""Body Balms & Oils"", ""link"": ""https://www.aesop.com/us/c/body-hand/body-balms-and-oils/""}, {""name"": """", ""link"": null}]",A richly emollient balm with a distinctively spicy aroma. Formulated with Shea Butter and oils of Wheat Germ and Sweet Almond to hydrate and nourish the skin.,https://www.aesop.com/us/p/body-hand/body-balms-and-oils/resolute-hydrating-body-balm/,5/26/25,Resolute Hydrating Body Balm,"<div class=""ProductDetailTitle_description__ASETM""><p class=""Paragraph_base__IUndo Paragraph_dark__69lap Paragraph_flush__Nj5hO ProductDetailTitle_descriptionCopy__9PG__ Transition_fadeEnterDone__UeeL0"">A richly emollient balm with a distinctively spicy aroma. Formulated with Shea Butter and oils of Wheat Germ and Sweet Almond to hydrate and nourish the skin.</p></div>"
,,37,us,a15d1bd896472488,usd,aesop_com,Aesop,Hair,Grooming,,"[{""name"": ""Hair"", ""link"": ""https://www.aesop.com/us/c/hair/""}, {""name"": ""Grooming"", ""link"": ""https://www.aesop.com/us/c/hair/grooming/""}, {""name"": """", ""link"": null}]",A lightweight formulation to gently corral and smooth the hair. Addresses flyaway strands and frizz without causing stickiness or long-term build-up.,https://www.aesop.com/us/p/hair/groom/tame-hair-serum/,5/26/25,Tame Hair Serum,"<div class=""ProductDetailTitle_description__ASETM""><p class=""Paragraph_base__IUndo Paragraph_dark__69lap Paragraph_flush__Nj5hO ProductDetailTitle_descriptionCopy__9PG__ Transition_fadeEnterDone__UeeL0"">A lightweight formulation to gently corral and smooth the hair. Addresses flyaway strands and frizz without causing stickiness or long-term build-up.</p></div>"
,,292,us,a69594c5934e0077,usd,aesop_com,Aesop,Skin,Treat & Masque,,"[{""name"": ""Skin"", ""link"": ""https://www.aesop.com/us/c/skin/""}, {""name"": ""Treat & Masque"", ""link"": ""https://www.aesop.com/us/c/skin/treat-masque/""}, {""name"": """", ""link"": null}]",A pairing of formulations that leave the skin luminous and replenished while imparting the aromatic uplift of Rose Petal.,https://www.aesop.com/us/p/skin/treat-masque/lucent-duo/,5/26/25,Lucent Duo,"<div class=""ProductDetailTitle_description__ASETM""><p class=""Paragraph_base__IUndo Paragraph_dark__69lap Paragraph_flush__Nj5hO ProductDetailTitle_descriptionCopy__9PG__ Transition_fadeEnterDone__UeeL0"">A pairing of formulations that leave the skin luminous and replenished while imparting the aromatic uplift of Rose Petal. </p></div>"
,,65,us,a70c5a7825e9314f,usd,aesop_com,Aesop,Skin,Shaving,,"[{""name"": ""Skin"", ""link"": ""https://www.aesop.com/us/c/skin/""}, {""name"": ""Shaving"", ""link"": ""https://www.aesop.com/us/c/skin/shaving/""}, {""name"": """", ""link"": null}]","A soft yet robust synthetic Silver Tip Fibre brush of the finest quality, which mimics the natural feel and exceptional performance of badger hair. Handmade in England.",https://www.aesop.com/us/p/skin/shaving/shaving-brush/,5/26/25,Shaving Brush,"<div class=""ProductDetailTitle_description__ASETM""><p class=""Paragraph_base__IUndo Paragraph_dark__69lap Paragraph_flush__Nj5hO ProductDetailTitle_descriptionCopy__9PG__ Transition_fadeEnterDone__UeeL0"">A soft yet robust synthetic Silver Tip Fibre brush of the finest quality, which mimics the natural feel and exceptional performance of badger hair. Handmade in England.</p></div>"
,,80,us,aa1d76c86d984b83,usd,aesop_com,Aesop,Kits & Travel,Travel,,"[{""name"": ""Kits & Travel"", ""link"": ""https://www.aesop.com/us/c/kits-travel/""}, {""name"": ""Travel"", ""link"": ""https://www.aesop.com/us/c/kits-travel/travel/""}, {""name"": """", ""link"": null}]","Whether your destination is Chicago or Chengdu, always travel with Aesop to ensure your grooming abroad remains impeccable.",https://www.aesop.com/us/p/kits-travel/travel/chicago/,5/26/25,Chicago,"<div class=""ProductDetailTitle_description__ASETM""><p class=""Paragraph_base__IUndo Paragraph_dark__69lap Paragraph_flush__Nj5hO ProductDetailTitle_descriptionCopy__9PG__ Transition_fadeEnter__FmNEN Transition_fadeEnterActive__pj4vH"">Whether your destination is Chicago or Chengdu, always travel with Aesop to ensure your grooming abroad remains impeccable.
</p></div>"
,,43,us,ad4f29ec492482e5,usd,aesop_com,Aesop,Incense,,,"[{""name"": ""Incense"", ""link"": ""https://www.aesop.com/us/c/home/incense/""}, {""name"": """", ""link"": null}, {""name"": """", ""link"": null}]","Incense featuring dry, woody notes of Sandalwood and warm, comforting spice that smoulders gently to emit delicate ribbons of aroma. Includes a Kanuma pumice incense holder.",https://www.aesop.com/us/p/home/incense/sarashina-aromatique-incense/,5/26/25,Sarashina Aromatique Incense,"<div class=""ProductDetailTitle_description__ASETM""><p class=""Paragraph_base__IUndo Paragraph_dark__69lap Paragraph_flush__Nj5hO ProductDetailTitle_descriptionCopy__9PG__ Transition_fadeEnter__FmNEN Transition_fadeEnterActive__pj4vH"">Incense featuring dry, woody notes of Sandalwood and warm, comforting spice that smoulders gently to emit delicate ribbons of aroma. Includes a Kanuma pumice incense holder.</p></div>"
,,145,us,b3ff3c18a645de49,usd,aesop_com,Aesop,Skin,Hydrators & Moisturisers,,"[{""name"": ""Skin"", ""link"": ""https://www.aesop.com/us/c/skin/""}, {""name"": ""Hydrators & Moisturisers"", ""link"": ""https://www.aesop.com/us/c/skin/hydrators-and-moisturisers/""}, {""name"": """", ""link"": null}]",A nurturing blend for use as often as required; provides a rich emollient barrier in cold conditions.,https://www.aesop.com/us/p/skin/hydrators-and-moisturisers/vitamin-rich-hydrating-blend-for-dry-skin/,5/26/25,Vitamin-Rich Hydrating Blend for Dry Skin,"<div class=""ProductDetailTitle_description__ASETM""><p class=""Paragraph_base__IUndo Paragraph_dark__69lap Paragraph_flush__Nj5hO ProductDetailTitle_descriptionCopy__9PG__ Transition_fadeEnter__FmNEN Transition_fadeEnterActive__pj4vH"">A nurturing blend for use as often as required; provides a rich emollient barrier in cold conditions.</p></div>"
,,92,us,b41b4649e4e5372e,usd,aesop_com,Aesop,Body & Hand,Body Balms & Oils,,"[{""name"": ""Body & Hand"", ""link"": ""https://www.aesop.com/us/c/body-hand/""}, {""name"": ""Body Balms & Oils"", ""link"": ""https://www.aesop.com/us/c/body-hand/body-balms-and-oils/""}, {""name"": """", ""link"": null}]","A refreshing green blend of two sibling formulations from our Geranium Leaf range, offering superlative hydration for dry and dehydrated skin.",https://www.aesop.com/us/p/body-hand/body-balms-and-oils/richly-hydrating-geranium-leaf-duo/,5/26/25,Richly Hydrating Geranium Leaf Duo,"<div class=""ProductDetailTitle_description__ASETM""><p class=""Paragraph_base__IUndo Paragraph_dark__69lap Paragraph_flush__Nj5hO ProductDetailTitle_descriptionCopy__9PG__ Transition_fadeEnter__FmNEN Transition_fadeEnterActive__pj4vH"">A refreshing green blend of two sibling formulations from our Geranium Leaf range, offering superlative hydration for dry and dehydrated skin.</p></div>"
T75BM13,2.4 oz,33,us,b47bebfe8ab150bc,usd,aesop_com,Aesop,Body & Hand,Hand Washes & Balms,,"[{""name"": ""Body & Hand"", ""link"": ""https://www.aesop.com/us/c/body-hand/""}, {""name"": ""Hand Washes & Balms"", ""link"": ""https://www.aesop.com/us/c/body-hand/hand-washes-and-balms/""}, {""name"": """", ""link"": null}]","A rich, skin-softening balm containing carefully selected emollient ingredients, including Potassium Lactate, to soften the skin and provide sustained hydration.",https://www.aesop.com/us/p/body-hand/hand-washes-and-balms/reverence-aromatique-hand-balm/,5/26/25,Reverence Aromatique Hand Balm,"<div class=""ProductDetailTitle_description__ASETM""><p class=""Paragraph_base__IUndo Paragraph_dark__69lap Paragraph_flush__Nj5hO ProductDetailTitle_descriptionCopy__9PG__ Transition_fadeEnterDone__UeeL0"">A rich, skin-softening balm containing carefully selected emollient ingredients, including Potassium Lactate, to soften the skin and provide sustained hydration.</p></div>"
,,115,us,baa57b9844ece14c,usd,aesop_com,Aesop,Room Sprays,,,"[{""name"": ""Room Sprays"", ""link"": ""https://www.aesop.com/us/c/home/room-sprays/""}, {""name"": """", ""link"": null}, {""name"": """", ""link"": null}]","An appealing, convenient set of interior fragrances. Distinctive and evocative, each is formulated to imbue home or office with aromas that help calm the mind and lift the mood of the hour.",https://www.aesop.com/us/p/home/room-sprays/states-of-being-aromatique-room-spray-trio/,5/26/25,States of Being: Aromatique Room Spray Trio,"<div class=""ProductDetailTitle_description__ASETM""><p class=""Paragraph_base__IUndo Paragraph_dark__69lap Paragraph_flush__Nj5hO ProductDetailTitle_descriptionCopy__9PG__ Transition_fadeEnter__FmNEN Transition_fadeEnterActive__pj4vH"">An appealing, convenient set of interior fragrances. Distinctive and evocative, each is formulated to imbue home or office with aromas that help calm the mind and lift the mood of the hour.</p></div>"
,,25,us,bc8c744aa5d68a6f,usd,aesop_com,Aesop,Body & Hand,Bar Soaps,,"[{""name"": ""Body & Hand"", ""link"": ""https://www.aesop.com/us/c/body-hand/""}, {""name"": ""Bar Soaps"", ""link"": ""https://www.aesop.com/us/c/body-hand/bar-soaps/""}, {""name"": """", ""link"": null}]","A non-perturbing bar soap enriched with Shea Butter to help to prevent moisture loss while cleansing—suited to most skin types, especially dry. For use while bathing or at the basin.",https://www.aesop.com/us/p/body-hand/bar-soaps/nurture-bar-soap/,5/26/25,Nurture Bar Soap,"<div class=""ProductDetailTitle_description__ASETM""><p class=""Paragraph_base__IUndo Paragraph_dark__69lap Paragraph_flush__Nj5hO ProductDetailTitle_descriptionCopy__9PG__ Transition_fadeEnter__FmNEN Transition_fadeEnterActive__pj4vH"">A non-perturbing bar soap enriched with Shea Butter to help to prevent moisture loss while cleansing—suited to most skin types, especially dry. For use while bathing or at the basin. </p></div>"
B100SK13,3.3 fl oz,35,us,c09eb8608bfb08f1,usd,aesop_com,Aesop,Skin,Cleansers & Exfoliants,,"[{""name"": ""Skin"", ""link"": ""https://www.aesop.com/us/c/skin/""}, {""name"": ""Cleansers & Exfoliants"", ""link"": ""https://www.aesop.com/us/c/skin/cleansers-and-exfoliants/""}, {""name"": """", ""link"": null}]",A mild olive-derived cleanser boosted with purifying and hydrating botanicals to cleanse gently without stripping.,https://www.aesop.com/us/p/skin/cleansers-and-exfoliants/fabulous-face-cleanser/,5/26/25,Fabulous Face Cleanser,"<div class=""ProductDetailTitle_description__ASETM""><p class=""Paragraph_base__IUndo Paragraph_dark__69lap Paragraph_flush__Nj5hO ProductDetailTitle_descriptionCopy__9PG__ Transition_fadeEnter__FmNEN Transition_fadeEnterActive__pj4vH"">A mild olive-derived cleanser boosted with purifying and hydrating botanicals to cleanse gently without stripping.</p></div>"
,,90,us,c0dd9c63cce6c362,usd,aesop_com,Aesop,Skin,Eye & Lip Care,,"[{""name"": ""Skin"", ""link"": ""https://www.aesop.com/us/c/skin/""}, {""name"": ""Eye & Lip Care"", ""link"": ""https://www.aesop.com/us/c/skin/eyes-lips/""}, {""name"": """", ""link"": null}]",A potent anti-oxidant blend formulated with generous doses of Vitamins C and E to gently nourish and bolster the delicate skin surrounding the eyes.,https://www.aesop.com/us/p/skin/eyes-lips/parsley-seed-anti-oxidant-eye-cream/,5/26/25,Parsley Seed Anti-Oxidant Eye Cream,"<div class=""ProductDetailTitle_description__ASETM""><p class=""Paragraph_base__IUndo Paragraph_dark__69lap Paragraph_flush__Nj5hO ProductDetailTitle_descriptionCopy__9PG__ Transition_fadeEnter__FmNEN Transition_fadeEnterActive__pj4vH"">A potent anti-oxidant blend formulated with generous doses of Vitamins C and E to gently nourish and bolster the delicate skin surrounding the eyes. 
</p></div>"
,,15,us,c14eb9ebe6a1095d,usd,aesop_com,Aesop,Body & Hand,Hand Washes & Balms,,"[{""name"": ""Body & Hand"", ""link"": ""https://www.aesop.com/us/c/body-hand/""}, {""name"": ""Hand Washes & Balms"", ""link"": ""https://www.aesop.com/us/c/body-hand/hand-washes-and-balms/""}, {""name"": """", ""link"": null}]",Fragrant alcohol-based mist to purify and refresh the hands in the absence of water. Contains moisturising ingredients Saccharide Isomerate and Aloe Vera to cleanse skin without drying.,https://www.aesop.com/us/p/body-hand/hand-washes-and-balms/resurrection-rinse-free-hand-mist/,5/26/25,Resurrection Rinse-Free Hand Mist,"<div class=""ProductDetailTitle_description__ASETM""><p class=""Paragraph_base__IUndo Paragraph_dark__69lap Paragraph_flush__Nj5hO ProductDetailTitle_descriptionCopy__9PG__ Transition_fadeEnterDone__UeeL0"">Fragrant alcohol-based mist to purify and refresh the hands in the absence of water. Contains moisturising ingredients Saccharide Isomerate and Aloe Vera to cleanse skin without drying.</p></div>"
,,25,us,c1db979c3fe0f087,usd,aesop_com,Aesop,Body & Hand,Bar Soaps,,"[{""name"": ""Body & Hand"", ""link"": ""https://www.aesop.com/us/c/body-hand/""}, {""name"": ""Bar Soaps"", ""link"": ""https://www.aesop.com/us/c/body-hand/bar-soaps/""}, {""name"": """", ""link"": null}]","A gentle bar soap enriched with botanical oils renowned for their purifying properties, suited to most skin types. For use while bathing or at the basin.",https://www.aesop.com/us/p/body-hand/bar-soaps/refresh-bar-soap/,5/26/25,Refresh Bar Soap,"<div class=""ProductDetailTitle_description__ASETM""><p class=""Paragraph_base__IUndo Paragraph_dark__69lap Paragraph_flush__Nj5hO ProductDetailTitle_descriptionCopy__9PG__ Transition_fadeEnter__FmNEN Transition_fadeEnterActive__pj4vH"">A gentle bar soap enriched with botanical oils renowned for their purifying properties, suited to most skin types. For use while bathing or at the basin.</p></div>"
,,142,us,c46c1ab7de43feb9,usd,aesop_com,Aesop,Body & Hand,Body Cleansers & Scrubs,,"[{""name"": ""Body & Hand"", ""link"": ""https://www.aesop.com/us/c/body-hand/""}, {""name"": ""Body Cleansers & Scrubs"", ""link"": ""https://www.aesop.com/us/c/body-hand/body-cleansers-and-scrubs/""}, {""name"": """", ""link"": null}]","A citrus-infused body care trio to revive skin, and leave it properly hydrated and replenished during cooler temperatures.",https://www.aesop.com/us/p/body-hand/body-cleansers-and-scrubs/invigorating-citrus-trio/,5/26/25,Invigorating Citrus Trio,"<div class=""ProductDetailTitle_description__ASETM""><p class=""Paragraph_base__IUndo Paragraph_dark__69lap Paragraph_flush__Nj5hO ProductDetailTitle_descriptionCopy__9PG__ Transition_fadeEnterDone__UeeL0"">A citrus-infused body care trio to revive skin, and leave it properly hydrated and replenished during cooler temperatures. </p></div>"
B50BT16,1.6 fl oz,13,us,c75b2810bd0f9001,usd,aesop_com,Aesop,Body & Hand,Hand Washes & Balms,,"[{""name"": ""Body & Hand"", ""link"": ""https://www.aesop.com/us/c/body-hand/""}, {""name"": ""Hand Washes & Balms"", ""link"": ""https://www.aesop.com/us/c/body-hand/hand-washes-and-balms/""}, {""name"": """", ""link"": null}]","An alcohol-based formulation with purifying and hydrating properties, to cleanse hands effectively when running water is unavailable.",https://www.aesop.com/us/p/body-hand/hand-washes-and-balms/resurrection-rinse-free-hand-wash/,5/26/25,Resurrection Rinse-Free Hand Wash,"<div class=""ProductDetailTitle_description__ASETM""><p class=""Paragraph_base__IUndo Paragraph_dark__69lap Paragraph_flush__Nj5hO ProductDetailTitle_descriptionCopy__9PG__ Transition_fadeEnterDone__UeeL0"">An alcohol-based formulation with purifying and hydrating properties, to cleanse hands effectively when running water is unavailable.</p></div>"
,,55,us,cdda7e548b37f07e,usd,aesop_com,Aesop,Skin,Toners,,"[{""name"": ""Skin"", ""link"": ""https://www.aesop.com/us/c/skin/""}, {""name"": ""Toners"", ""link"": ""https://www.aesop.com/us/c/skin/toners/""}, {""name"": """", ""link"": null}]","A vitamin-rich, hydrating tonic offering gentle chemical exfoliation that helps even the appearance of the skin and refine skin texture.",https://www.aesop.com/us/p/skin/tone/immaculate-facial-tonic/,5/26/25,Immaculate Facial Tonic,"<div class=""ProductDetailTitle_description__ASETM""><p class=""Paragraph_base__IUndo Paragraph_dark__69lap Paragraph_flush__Nj5hO ProductDetailTitle_descriptionCopy__9PG__ Transition_fadeEnter__FmNEN Transition_fadeEnterActive__pj4vH"">A vitamin-rich, hydrating tonic offering gentle chemical exfoliation that helps even the appearance of the skin and refine skin texture.</p></div>"
B100SK65,3.4 fl oz,37,us,d065c701869d07fa,usd,aesop_com,Aesop,Skin,Cleansers & Exfoliants,,"[{""name"": ""Skin"", ""link"": ""https://www.aesop.com/us/c/skin/""}, {""name"": ""Cleansers & Exfoliants"", ""link"": ""https://www.aesop.com/us/c/skin/cleansers-and-exfoliants/""}, {""name"": """", ""link"": null}]","An exceptionally gentle cleanser for daily use, enhanced with botanicals renowned for their soothing properties. Removes makeup effortlessly and rinses with ease.",https://www.aesop.com/us/p/skin/cleansers-and-exfoliants/gentle-facial-cleansing-milk/,5/26/25,Gentle Facial Cleansing Milk,"<div class=""ProductDetailTitle_description__ASETM""><p class=""Paragraph_base__IUndo Paragraph_dark__69lap Paragraph_flush__Nj5hO ProductDetailTitle_descriptionCopy__9PG__ Transition_fadeEnter__FmNEN Transition_fadeEnterActive__pj4vH"">An exceptionally gentle cleanser for daily use, enhanced with botanicals renowned for their soothing properties. Removes makeup effortlessly and rinses with ease.</p></div>"
,,71,us,d763b4d0260e958d,usd,aesop_com,Aesop,Kits & Travel,Travel,,"[{""name"": ""Kits & Travel"", ""link"": ""https://www.aesop.com/us/c/kits-travel/""}, {""name"": ""Travel"", ""link"": ""https://www.aesop.com/us/c/kits-travel/travel/""}, {""name"": """", ""link"": null}]","This selection of Aesop classics will help you maintain an impeccable presence during transit, and see you arrive fresh-faced at your destination.",https://www.aesop.com/us/p/kits-travel/travel/-departure/,5/26/25,Departure,"<div class=""ProductDetailTitle_description__ASETM""><p class=""Paragraph_base__IUndo Paragraph_dark__69lap Paragraph_flush__Nj5hO ProductDetailTitle_descriptionCopy__9PG__ Transition_fadeEnterDone__UeeL0"">This selection of Aesop classics will help you maintain an impeccable presence during transit, and see you arrive fresh-faced at your destination.</p></div>"
,,71,us,d766f614e5ac8344,usd,aesop_com,Aesop,Skin,Hydrators & Moisturisers,,"[{""name"": ""Skin"", ""link"": ""https://www.aesop.com/us/c/skin/""}, {""name"": ""Hydrators & Moisturisers"", ""link"": ""https://www.aesop.com/us/c/skin/hydrators-and-moisturisers/""}, {""name"": """", ""link"": null}]","A light, rapidly absorbed formulation with a soothing base of Aloe Vera; ideal for those who avoid heavier hydrators.",https://www.aesop.com/us/p/skin/hydrators-and-moisturisers/lightweight-facial-hydrating-serum/,5/26/25,Lightweight Facial Hydrating Serum,"<div class=""ProductDetailTitle_description__ASETM""><p class=""Paragraph_base__IUndo Paragraph_dark__69lap Paragraph_flush__Nj5hO ProductDetailTitle_descriptionCopy__9PG__ Transition_fadeEnter__FmNEN Transition_fadeEnterActive__pj4vH"">A light, rapidly absorbed formulation with a soothing base of Aloe Vera; ideal for those who avoid heavier hydrators.</p></div>"
,,60,us,d76fe68fee71516f,usd,aesop_com,Aesop,Skin,Hydrators & Moisturisers,,"[{""name"": ""Skin"", ""link"": ""https://www.aesop.com/us/c/skin/""}, {""name"": ""Hydrators & Moisturisers"", ""link"": ""https://www.aesop.com/us/c/skin/hydrators-and-moisturisers/""}, {""name"": """", ""link"": null}]","A concentrated hydrating formulation boosted with botanicals renowned for their purifying, balancing and skin-softening properties.",https://www.aesop.com/us/p/skin/treat-masque/fabulous-face-oil/,5/26/25,Fabulous Face Oil,"<div class=""ProductDetailTitle_description__ASETM""><p class=""Paragraph_base__IUndo Paragraph_dark__69lap Paragraph_flush__Nj5hO ProductDetailTitle_descriptionCopy__9PG__ Transition_fadeEnterDone__UeeL0"">A concentrated hydrating formulation boosted with botanicals renowned for their purifying, balancing and skin-softening properties.</p></div>"
,,25,us,e0d8c827c7c5a461,usd,aesop_com,Aesop,Body & Hand,Bar Soaps,,"[{""name"": ""Body & Hand"", ""link"": ""https://www.aesop.com/us/c/body-hand/""}, {""name"": ""Bar Soaps"", ""link"": ""https://www.aesop.com/us/c/body-hand/bar-soaps/""}, {""name"": """", ""link"": null}]","An exfoliating bar soap replete with Pumice and Grape Seed to polish and cleanse most skin types—especially dry, patchy skin. For use while bathing or at the basin.",https://www.aesop.com/us/p/body-hand/bar-soaps/polish-bar-soap/,5/26/25,Polish Bar Soap,"<div class=""ProductDetailTitle_description__ASETM""><p class=""Paragraph_base__IUndo Paragraph_dark__69lap Paragraph_flush__Nj5hO ProductDetailTitle_descriptionCopy__9PG__ Transition_fadeEnterDone__UeeL0"">An exfoliating bar soap replete with Pumice and Grape Seed to polish and cleanse most skin types—especially dry, patchy skin. For use while bathing or at the basin. </p></div>"
,,43,us,e1eca93f88ed2fa7,usd,aesop_com,Aesop,Incense,,,"[{""name"": ""Incense"", ""link"": ""https://www.aesop.com/us/c/home/incense/""}, {""name"": """", ""link"": null}, {""name"": """", ""link"": null}]","Incense comprising fresh, woody resins of Hinoki and warm spice that smoulders gently to emit delicate ribbons of aroma. Includes a Kanuma pumice incense holder.",https://www.aesop.com/us/p/home/incense/murasaki-aromatique-incense/,5/26/25,Murasaki Aromatique Incense,"<div class=""ProductDetailTitle_description__ASETM""><p class=""Paragraph_base__IUndo Paragraph_dark__69lap Paragraph_flush__Nj5hO ProductDetailTitle_descriptionCopy__9PG__ Transition_fadeEnterDone__UeeL0"">Incense comprising fresh, woody resins of Hinoki and warm spice that smoulders gently to emit delicate ribbons of aroma. Includes a Kanuma pumice incense holder. </p></div>"
,,255,us,e4603660cc073cee,usd,aesop_com,Aesop,Fragrance,Woody,,"[{""name"": ""Fragrance"", ""link"": ""https://www.aesop.com/us/c/fragrance/""}, {""name"": ""Woody"", ""link"": ""https://www.aesop.com/us/c/fragrance/woody/""}, {""name"": """", ""link"": null}]","Three formulations to impart an earthy aroma from neck to toe—a grounding fragrance, a cleansing body scrub, and a nourishing hand balm for regular use.",https://www.aesop.com/us/p/fragrance/woody/hwyl-ensemble/,5/26/25,Hwyl Ensemble,"<div class=""ProductDetailTitle_description__ASETM""><p class=""Paragraph_base__IUndo Paragraph_dark__69lap Paragraph_flush__Nj5hO ProductDetailTitle_descriptionCopy__9PG__ Transition_fadeEnterDone__UeeL0"">Three formulations to impart an earthy aroma from neck to toe—a grounding fragrance, a cleansing body scrub, and a nourishing hand balm for regular use.</p></div>"
,,33,us,e540e1822ab18b35,usd,aesop_com,Aesop,Kits & Travel,Travel,,"[{""name"": ""Kits & Travel"", ""link"": ""https://www.aesop.com/us/c/kits-travel/""}, {""name"": ""Travel"", ""link"": ""https://www.aesop.com/us/c/kits-travel/travel/""}, {""name"": """", ""link"": null}]","A pulse-point therapy roll-on enhanced with oils of Ginger Root, Lavender and Geranium for in-flight or office use.",https://www.aesop.com/us/p/kits-travel/travel/ginger-flight-therapy/,5/26/25,Ginger Flight Therapy,"<div class=""ProductDetailTitle_description__ASETM""><p class=""Paragraph_base__IUndo Paragraph_dark__69lap Paragraph_flush__Nj5hO ProductDetailTitle_descriptionCopy__9PG__ Transition_fadeEnterDone__UeeL0"">A pulse-point therapy roll-on enhanced with oils of Ginger Root, Lavender and Geranium for in-flight or office use.</p></div>"
,,200,us,e90fe840c4e5d063,usd,aesop_com,Aesop,Fragrance,Floral,,"[{""name"": ""Fragrance"", ""link"": ""https://www.aesop.com/us/c/fragrance/""}, {""name"": ""Floral"", ""link"": ""https://www.aesop.com/us/c/fragrance/floral/""}, {""name"": """", ""link"": null}]","Opening with arresting accords of spice, this fragrance unfurls rousing florals: sweet Orange Flower, warm Jasmine Sambac and a powdery, earthy blend of Iris and Patchouli.",https://www.aesop.com/us/p/fragrance/floral/gloam-eau-de-parfum/,5/26/25,Gloam Eau de Parfum,"<div class=""ProductDetailTitle_description__ASETM""><p class=""Paragraph_base__IUndo Paragraph_dark__69lap Paragraph_flush__Nj5hO ProductDetailTitle_descriptionCopy__9PG__ Transition_fadeEnter__FmNEN Transition_fadeEnterActive__pj4vH"">Opening with arresting accords of spice, this fragrance unfurls rousing florals: sweet Orange Flower, warm Jasmine Sambac and a powdery, earthy blend of Iris and Patchouli. </p></div>"
,,93,us,ed636f5202a73eb3,usd,aesop_com,Aesop,Body & Hand,Body Cleansers & Scrubs,,"[{""name"": ""Body & Hand"", ""link"": ""https://www.aesop.com/us/c/body-hand/""}, {""name"": ""Body Cleansers & Scrubs"", ""link"": ""https://www.aesop.com/us/c/body-hand/body-cleansers-and-scrubs/""}, {""name"": """", ""link"": null}]","An ideal match for cleansing and refreshing skin, especially when warm weather necessitates frequent showers and aromatic hydration.",https://www.aesop.com/us/p/body-hand/body-cleansers-and-scrubs/reviving-citrus-duo/,5/26/25,Reviving Citrus Duo,"<div class=""ProductDetailTitle_description__ASETM""><p class=""Paragraph_base__IUndo Paragraph_dark__69lap Paragraph_flush__Nj5hO ProductDetailTitle_descriptionCopy__9PG__ Transition_fadeEnter__FmNEN Transition_fadeEnterActive__pj4vH"">An ideal match for cleansing and refreshing skin, especially when warm weather necessitates frequent showers and aromatic hydration. </p></div>"
,,133,us,f18c7b7f2097a4e7,usd,aesop_com,Aesop,Kits & Travel,Hand & Body Care Kits,,"[{""name"": ""Kits & Travel"", ""link"": ""https://www.aesop.com/us/c/kits-travel/""}, {""name"": ""Hand & Body Care Kits"", ""link"": ""https://www.aesop.com/us/c/kits-travel/hand-body/""}, {""name"": """", ""link"": null}]","Enjoy in concert to cleanse, nourish and soften hard-working hands.",https://www.aesop.com/us/p/kits-travel/hand-body/resurrection-duet/,5/26/25,Resurrection Duet,"<div class=""ProductDetailTitle_description__ASETM""><p class=""Paragraph_base__IUndo Paragraph_dark__69lap Paragraph_flush__Nj5hO ProductDetailTitle_descriptionCopy__9PG__ Transition_fadeEnterDone__UeeL0"">Enjoy in concert to cleanse, nourish and soften hard-working hands.</p></div>"
,,22,us,f363f9c3825dafd9,usd,aesop_com,Aesop,Literature,,,"[{""name"": ""Literature"", ""link"": ""https://www.aesop.com/us/c/home/literature/""}, {""name"": """", ""link"": null}, {""name"": """", ""link"": null}]",What it means to write about imagination and war; the search for lost words in a library destroyed by occupation; a multi-layered love letter to a treasured neighbourhood; and more.,https://www.aesop.com/us/p/home/literature/the-paris-review-no-248-summer-2024/,5/26/25,"The Paris Review no. 248, Summer 2024","<div class=""ProductDetailTitle_description__ASETM""><p class=""Paragraph_base__IUndo Paragraph_dark__69lap Paragraph_flush__Nj5hO ProductDetailTitle_descriptionCopy__9PG__ Transition_fadeEnter__FmNEN Transition_fadeEnterActive__pj4vH"">What it means to write about imagination and war; the search for lost words in a library destroyed by occupation; a multi-layered love letter to a treasured neighbourhood; and more.</p></div>"
,,89,us,f60f6d6dd2bed92c,usd,aesop_com,Aesop,Body & Hand,Hand Washes & Balms,,"[{""name"": ""Body & Hand"", ""link"": ""https://www.aesop.com/us/c/body-hand/""}, {""name"": ""Hand Washes & Balms"", ""link"": ""https://www.aesop.com/us/c/body-hand/hand-washes-and-balms/""}, {""name"": """", ""link"": null}]","A set of portable hydrating hand balms, each with a unique aroma.",https://www.aesop.com/us/p/body-hand/hand-washes-and-balms/aromatique-hand-balm-trio-bundle/,5/26/25,Aromatique Hand Balm Trio,"<div class=""ProductDetailTitle_description__ASETM""><p class=""Paragraph_base__IUndo Paragraph_dark__69lap Paragraph_flush__Nj5hO ProductDetailTitle_descriptionCopy__9PG__ Transition_fadeEnter__FmNEN Transition_fadeEnterActive__pj4vH"">A set of portable hydrating hand balms, each with a unique aroma. </p></div>"
,,61,us,f81b480b0d554fb8,usd,aesop_com,Aesop,Skin,Hydrators & Moisturisers,,"[{""name"": ""Skin"", ""link"": ""https://www.aesop.com/us/c/skin/""}, {""name"": ""Hydrators & Moisturisers"", ""link"": ""https://www.aesop.com/us/c/skin/hydrators-and-moisturisers/""}, {""name"": """", ""link"": null}]","A lightweight moisturising lotion formulated to bring a sense of calm to sensitive skin, soothe irritation and reduce the appearance of redness.",https://www.aesop.com/us/p/skin/hydrators-and-moisturisers/seeking-silence-facial-hydrator/,5/26/25,Seeking Silence Facial Hydrator,"<div class=""ProductDetailTitle_description__ASETM""><p class=""Paragraph_base__IUndo Paragraph_dark__69lap Paragraph_flush__Nj5hO ProductDetailTitle_descriptionCopy__9PG__ Transition_fadeEnter__FmNEN Transition_fadeEnterActive__pj4vH"">A lightweight moisturising lotion formulated to bring a sense of calm to sensitive skin, soothe irritation and reduce the appearance of redness.</p></div>"
,,115,us,fb2cac65c7cb7755,usd,aesop_com,Aesop,Kits & Travel,Gift Kits,,"[{""name"": ""Kits & Travel"", ""link"": ""https://www.aesop.com/us/c/kits-travel/""}, {""name"": ""Gift Kits"", ""link"": ""https://www.aesop.com/us/c/kits-travel/gift-kits/""}, {""name"": """", ""link"": null}]","Aromatic formulations for the homebody, featuring a hand wash and balm, body cleanser, and room spray, housed in a cinema-inspired gift box.",https://www.aesop.com/us/p/kits-travel/gift-kits/screen-1-/,5/26/25,Screen 1,"<div class=""ProductDetailTitle_description__ASETM""><p class=""Paragraph_base__IUndo Paragraph_dark__69lap Paragraph_flush__Nj5hO ProductDetailTitle_descriptionCopy__9PG__ Transition_fadeEnterDone__UeeL0"">Aromatic formulations for the homebody, featuring a hand wash and balm, body cleanser, and room spray, housed in a cinema-inspired gift box.</p></div>"
,,43,us,fc8393e92cd116ab,usd,aesop_com,Aesop,Body & Hand,Body Balms & Oils,,"[{""name"": ""Body & Hand"", ""link"": ""https://www.aesop.com/us/c/body-hand/""}, {""name"": ""Body Balms & Oils"", ""link"": ""https://www.aesop.com/us/c/body-hand/body-balms-and-oils/""}, {""name"": """", ""link"": null}]","An after-sun body hydrator enhanced with Aloe Vera and a blend of refreshing and astringent botanical extracts to leave skin feeling softened, cool and calmed.",https://www.aesop.com/us/p/body-hand/body-balms-and-oils/petitgrain-reviving-body-gel/,5/26/25,Petitgrain Reviving Body Gel,"<div class=""ProductDetailTitle_description__ASETM""><p class=""Paragraph_base__IUndo Paragraph_dark__69lap Paragraph_flush__Nj5hO ProductDetailTitle_descriptionCopy__9PG__ Transition_fadeEnterDone__UeeL0"">An after-sun body hydrator enhanced with Aloe Vera and a blend of refreshing and astringent botanical extracts to leave skin feeling softened, cool and calmed.</p></div>"
AFR12,1.6 fl oz,177,us,fd1e2432ed2f3a73,usd,aesop_com,Aesop,Fragrance,Fresh,,"[{""name"": ""Fragrance"", ""link"": ""https://www.aesop.com/us/c/fragrance/""}, {""name"": ""Fresh"", ""link"": ""https://www.aesop.com/us/c/fragrance/fresh/""}, {""name"": """", ""link"": null}]","A vibrant, uplifting and distinctly contemporary fragrance distinguished by liberal use of Basil Grand Vert and fresh citrus notes.",https://www.aesop.com/us/p/fragrance/fresh/tacit-eau-de-parfum/,5/26/25,Tacit Eau de Parfum,"<div class=""ProductDetailTitle_description__ASETM""><p class=""Paragraph_base__IUndo Paragraph_dark__69lap Paragraph_flush__Nj5hO ProductDetailTitle_descriptionCopy__9PG__ Transition_fadeEnter__FmNEN Transition_fadeEnterActive__pj4vH"">A vibrant, uplifting and distinctly contemporary fragrance distinguished by liberal use of Basil Grand Vert and fresh citrus notes.</p></div>"
,,133,us,ff2b9ee0dee74c4b,usd,aesop_com,Aesop,Skin,Hydrators & Moisturisers,,"[{""name"": ""Skin"", ""link"": ""https://www.aesop.com/us/c/skin/""}, {""name"": ""Hydrators & Moisturisers"", ""link"": ""https://www.aesop.com/us/c/skin/hydrators-and-moisturisers/""}, {""name"": """", ""link"": null}]",A sumptuous cream combining potent doses of replenishing Vitamins C and E alongside botanical butters and oils to nourish and soften the skin.,https://www.aesop.com/us/p/skin/hydrators-and-moisturisers/perfect-facial-hydrating-cream/,5/26/25,Perfect Facial Hydrating Cream,"<div class=""ProductDetailTitle_description__ASETM""><p class=""Paragraph_base__IUndo Paragraph_dark__69lap Paragraph_flush__Nj5hO ProductDetailTitle_descriptionCopy__9PG__ Transition_fadeEnterDone__UeeL0"">A sumptuous cream combining potent doses of replenishing Vitamins C and E alongside botanical butters and oils to nourish and soften the skin.</p></div>"